sweep,run_id,key,value
FIXW#1,1786639915-600276,commit,b400ec37f09eff1273201da0b4628b57d0d9b922
FIXW#1,1786639915-600276,dirty,true
FIXW#1,1786639915-600276,constants_digest,67455aaa8835
FIXW#1,1786639915-600276,bank_up_to,5
FIXW#1,1786639915-600276,season,2020-21<-2019-20
FIXW#1,1786639915-600276,season,2021-22<-2020-21
FIXW#1,1786639915-600276,season,2022-23<-2021-22
FIXW#1,1786639915-600276,season,2023-24<-2022-23
FIXW#1,1786639915-600276,season,2024-25<-2023-24
FIXW#1,1786639915-600276,season,2025-26<-2024-25
FIXW#1,1786639915-600276,start_gw,1
FIXW#1,1786639915-600276,start_gw,6
FIXW#1,1786639915-600276,start_gw,11
FIXW#1,1786639915-600276,start_gw,16
FIXW#1,1786639915-600276,start_gw,21
FIXW#1,1786639915-600276,start_gw,26
FIXW#1,1786639915-600276,declared_arm,0	fixture weight 0.65 (ships)
FIXW#1,1786639915-600276,declared_arm,1	fixture weight 0.00
FIXW#1,1786639915-600276,declared_arm,2	fixture weight 0.35
FIXW#1,1786639915-600276,declared_arm,3	fixture weight 1.00
FIXW#1,1786639915-600276,constant,chip_plan.bench_boost_gameweek	8
FIXW#1,1786639915-600276,constant,chip_plan.free_hit_gameweek	16
FIXW#1,1786639915-600276,constant,chip_plan.triple_captain_gameweek	9
FIXW#1,1786639915-600276,constant,chip_plan.wildcard_gameweek	6
FIXW#1,1786639915-600276,constant,congestion.domestic_cup_campaigns.ARS[0].competition	League Cup
FIXW#1,1786639915-600276,constant,"congestion.domestic_cup_campaigns.ARS[0].match_dates	5 items, sha 3f0a0705"
FIXW#1,1786639915-600276,constant,congestion.domestic_cup_campaigns.ARS[0].note	enters at round three as a European qualifier
FIXW#1,1786639915-600276,constant,congestion.domestic_cup_campaigns.ARS[0].start_date	2026-09-15
FIXW#1,1786639915-600276,constant,congestion.domestic_cup_campaigns.AVL[0].competition	League Cup
FIXW#1,1786639915-600276,constant,"congestion.domestic_cup_campaigns.AVL[0].match_dates	5 items, sha 3f0a0705"
FIXW#1,1786639915-600276,constant,congestion.domestic_cup_campaigns.AVL[0].note	enters at round three as a European qualifier
FIXW#1,1786639915-600276,constant,congestion.domestic_cup_campaigns.AVL[0].start_date	2026-09-15
FIXW#1,1786639915-600276,constant,congestion.domestic_cup_campaigns.BHA[0].competition	League Cup
FIXW#1,1786639915-600276,constant,"congestion.domestic_cup_campaigns.BHA[0].match_dates	5 items, sha 3f0a0705"
FIXW#1,1786639915-600276,constant,congestion.domestic_cup_campaigns.BHA[0].note	enters at round three as a European qualifier
FIXW#1,1786639915-600276,constant,congestion.domestic_cup_campaigns.BHA[0].start_date	2026-09-15
FIXW#1,1786639915-600276,constant,congestion.domestic_cup_campaigns.BOU[0].competition	League Cup
FIXW#1,1786639915-600276,constant,"congestion.domestic_cup_campaigns.BOU[0].match_dates	5 items, sha 3f0a0705"
FIXW#1,1786639915-600276,constant,congestion.domestic_cup_campaigns.BOU[0].note	enters at round three as a European qualifier
FIXW#1,1786639915-600276,constant,congestion.domestic_cup_campaigns.BOU[0].start_date	2026-09-15
FIXW#1,1786639915-600276,constant,congestion.domestic_cup_campaigns.BRE[0].competition	League Cup
FIXW#1,1786639915-600276,constant,"congestion.domestic_cup_campaigns.BRE[0].match_dates	6 items, sha f7a87904"
FIXW#1,1786639915-600276,constant,congestion.domestic_cup_campaigns.BRE[0].note	enters at round two
FIXW#1,1786639915-600276,constant,congestion.domestic_cup_campaigns.BRE[0].start_date	2026-08-26
FIXW#1,1786639915-600276,constant,congestion.domestic_cup_campaigns.CHE[0].competition	League Cup
FIXW#1,1786639915-600276,constant,"congestion.domestic_cup_campaigns.CHE[0].match_dates	6 items, sha f7a87904"
FIXW#1,1786639915-600276,constant,congestion.domestic_cup_campaigns.CHE[0].note	enters at round two
FIXW#1,1786639915-600276,constant,congestion.domestic_cup_campaigns.CHE[0].start_date	2026-08-26
FIXW#1,1786639915-600276,constant,congestion.domestic_cup_campaigns.COV[0].competition	League Cup
FIXW#1,1786639915-600276,constant,"congestion.domestic_cup_campaigns.COV[0].match_dates	6 items, sha f7a87904"
FIXW#1,1786639915-600276,constant,congestion.domestic_cup_campaigns.COV[0].note	enters at round two
FIXW#1,1786639915-600276,constant,congestion.domestic_cup_campaigns.COV[0].start_date	2026-08-26
FIXW#1,1786639915-600276,constant,congestion.domestic_cup_campaigns.CRY[0].competition	League Cup
FIXW#1,1786639915-600276,constant,"congestion.domestic_cup_campaigns.CRY[0].match_dates	5 items, sha 3f0a0705"
FIXW#1,1786639915-600276,constant,congestion.domestic_cup_campaigns.CRY[0].note	enters at round three as a European qualifier
FIXW#1,1786639915-600276,constant,congestion.domestic_cup_campaigns.CRY[0].start_date	2026-09-15
FIXW#1,1786639915-600276,constant,congestion.domestic_cup_campaigns.EVE[0].competition	League Cup
FIXW#1,1786639915-600276,constant,"congestion.domestic_cup_campaigns.EVE[0].match_dates	6 items, sha f7a87904"
FIXW#1,1786639915-600276,constant,congestion.domestic_cup_campaigns.EVE[0].note	enters at round two
FIXW#1,1786639915-600276,constant,congestion.domestic_cup_campaigns.EVE[0].start_date	2026-08-26
FIXW#1,1786639915-600276,constant,congestion.domestic_cup_campaigns.FUL[0].competition	League Cup
FIXW#1,1786639915-600276,constant,"congestion.domestic_cup_campaigns.FUL[0].match_dates	6 items, sha f7a87904"
FIXW#1,1786639915-600276,constant,congestion.domestic_cup_campaigns.FUL[0].note	enters at round two
FIXW#1,1786639915-600276,constant,congestion.domestic_cup_campaigns.FUL[0].start_date	2026-08-26
FIXW#1,1786639915-600276,constant,congestion.domestic_cup_campaigns.HUL[0].competition	League Cup
FIXW#1,1786639915-600276,constant,"congestion.domestic_cup_campaigns.HUL[0].match_dates	6 items, sha f7a87904"
FIXW#1,1786639915-600276,constant,congestion.domestic_cup_campaigns.HUL[0].note	enters at round two
FIXW#1,1786639915-600276,constant,congestion.domestic_cup_campaigns.HUL[0].start_date	2026-08-26
FIXW#1,1786639915-600276,constant,congestion.domestic_cup_campaigns.IPS[0].competition	League Cup
FIXW#1,1786639915-600276,constant,"congestion.domestic_cup_campaigns.IPS[0].match_dates	6 items, sha f7a87904"
FIXW#1,1786639915-600276,constant,congestion.domestic_cup_campaigns.IPS[0].note	enters at round two
FIXW#1,1786639915-600276,constant,congestion.domestic_cup_campaigns.IPS[0].start_date	2026-08-26
FIXW#1,1786639915-600276,constant,congestion.domestic_cup_campaigns.LEE[0].competition	League Cup
FIXW#1,1786639915-600276,constant,"congestion.domestic_cup_campaigns.LEE[0].match_dates	6 items, sha f7a87904"
FIXW#1,1786639915-600276,constant,congestion.domestic_cup_campaigns.LEE[0].note	enters at round two
FIXW#1,1786639915-600276,constant,congestion.domestic_cup_campaigns.LEE[0].start_date	2026-08-26
FIXW#1,1786639915-600276,constant,congestion.domestic_cup_campaigns.LIV[0].competition	League Cup
FIXW#1,1786639915-600276,constant,"congestion.domestic_cup_campaigns.LIV[0].match_dates	5 items, sha 3f0a0705"
FIXW#1,1786639915-600276,constant,congestion.domestic_cup_campaigns.LIV[0].note	enters at round three as a European qualifier
FIXW#1,1786639915-600276,constant,congestion.domestic_cup_campaigns.LIV[0].start_date	2026-09-15
FIXW#1,1786639915-600276,constant,congestion.domestic_cup_campaigns.MCI[0].competition	League Cup
FIXW#1,1786639915-600276,constant,"congestion.domestic_cup_campaigns.MCI[0].match_dates	5 items, sha 3f0a0705"
FIXW#1,1786639915-600276,constant,congestion.domestic_cup_campaigns.MCI[0].note	enters at round three as a European qualifier
FIXW#1,1786639915-600276,constant,congestion.domestic_cup_campaigns.MCI[0].start_date	2026-09-15
FIXW#1,1786639915-600276,constant,congestion.domestic_cup_campaigns.MUN[0].competition	League Cup
FIXW#1,1786639915-600276,constant,"congestion.domestic_cup_campaigns.MUN[0].match_dates	5 items, sha 3f0a0705"
FIXW#1,1786639915-600276,constant,congestion.domestic_cup_campaigns.MUN[0].note	enters at round three as a European qualifier
FIXW#1,1786639915-600276,constant,congestion.domestic_cup_campaigns.MUN[0].start_date	2026-09-15
FIXW#1,1786639915-600276,constant,congestion.domestic_cup_campaigns.NEW[0].competition	League Cup
FIXW#1,1786639915-600276,constant,"congestion.domestic_cup_campaigns.NEW[0].match_dates	6 items, sha f7a87904"
FIXW#1,1786639915-600276,constant,congestion.domestic_cup_campaigns.NEW[0].note	enters at round two
FIXW#1,1786639915-600276,constant,congestion.domestic_cup_campaigns.NEW[0].start_date	2026-08-26
FIXW#1,1786639915-600276,constant,congestion.domestic_cup_campaigns.NFO[0].competition	League Cup
FIXW#1,1786639915-600276,constant,"congestion.domestic_cup_campaigns.NFO[0].match_dates	6 items, sha f7a87904"
FIXW#1,1786639915-600276,constant,congestion.domestic_cup_campaigns.NFO[0].note	enters at round two
FIXW#1,1786639915-600276,constant,congestion.domestic_cup_campaigns.NFO[0].start_date	2026-08-26
FIXW#1,1786639915-600276,constant,congestion.domestic_cup_campaigns.SUN[0].competition	League Cup
FIXW#1,1786639915-600276,constant,"congestion.domestic_cup_campaigns.SUN[0].match_dates	5 items, sha 3f0a0705"
FIXW#1,1786639915-600276,constant,congestion.domestic_cup_campaigns.SUN[0].note	enters at round three as a European qualifier
FIXW#1,1786639915-600276,constant,congestion.domestic_cup_campaigns.SUN[0].start_date	2026-09-15
FIXW#1,1786639915-600276,constant,congestion.domestic_cup_campaigns.TOT[0].competition	League Cup
FIXW#1,1786639915-600276,constant,"congestion.domestic_cup_campaigns.TOT[0].match_dates	6 items, sha f7a87904"
FIXW#1,1786639915-600276,constant,congestion.domestic_cup_campaigns.TOT[0].note	enters at round two
FIXW#1,1786639915-600276,constant,congestion.domestic_cup_campaigns.TOT[0].start_date	2026-08-26
FIXW#1,1786639915-600276,constant,congestion.domestic_cup_penalty	1
FIXW#1,1786639915-600276,constant,congestion.european_campaigns.ARS[0].competition	UCL
FIXW#1,1786639915-600276,constant,congestion.european_campaigns.ARS[0].start_date	2026-09-08
FIXW#1,1786639915-600276,constant,congestion.european_campaigns.AVL[0].competition	UCL
FIXW#1,1786639915-600276,constant,congestion.european_campaigns.AVL[0].start_date	2026-09-08
FIXW#1,1786639915-600276,constant,congestion.european_campaigns.BHA[0].competition	UECL
FIXW#1,1786639915-600276,constant,congestion.european_campaigns.BHA[0].end_date	2026-08-27
FIXW#1,1786639915-600276,constant,"congestion.european_campaigns.BHA[0].match_dates	2 items, sha 488b402a"
FIXW#1,1786639915-600276,constant,"congestion.european_campaigns.BHA[0].note	play-off round, two legs; progression not yet known"
FIXW#1,1786639915-600276,constant,congestion.european_campaigns.BHA[0].start_date	2026-08-20
FIXW#1,1786639915-600276,constant,congestion.european_campaigns.BHA[1].competition	UECL
FIXW#1,1786639915-600276,constant,"congestion.european_campaigns.BHA[1].note	league phase, conditional on winning the play-off"
FIXW#1,1786639915-600276,constant,congestion.european_campaigns.BHA[1].start_date	2026-10-15
FIXW#1,1786639915-600276,constant,congestion.european_campaigns.BOU[0].competition	UEL
FIXW#1,1786639915-600276,constant,congestion.european_campaigns.BOU[0].start_date	2026-09-16
FIXW#1,1786639915-600276,constant,congestion.european_campaigns.CRY[0].competition	UEL
FIXW#1,1786639915-600276,constant,congestion.european_campaigns.CRY[0].start_date	2026-09-16
FIXW#1,1786639915-600276,constant,congestion.european_campaigns.LIV[0].competition	UCL
FIXW#1,1786639915-600276,constant,congestion.european_campaigns.LIV[0].start_date	2026-09-08
FIXW#1,1786639915-600276,constant,congestion.european_campaigns.MCI[0].competition	UCL
FIXW#1,1786639915-600276,constant,congestion.european_campaigns.MCI[0].start_date	2026-09-08
FIXW#1,1786639915-600276,constant,congestion.european_campaigns.MUN[0].competition	UCL
FIXW#1,1786639915-600276,constant,congestion.european_campaigns.MUN[0].start_date	2026-09-08
FIXW#1,1786639915-600276,constant,congestion.european_campaigns.SUN[0].competition	UEL
FIXW#1,1786639915-600276,constant,congestion.european_campaigns.SUN[0].start_date	2026-09-16
FIXW#1,1786639915-600276,constant,congestion.long_haul_penalty	1
FIXW#1,1786639915-600276,constant,"congestion.long_haul_regions	2 items, sha 925816c9"
FIXW#1,1786639915-600276,constant,congestion.post_break_penalty	1
FIXW#1,1786639915-600276,constant,"congestion.regular_international_regions	5 items, sha 99456437"
FIXW#1,1786639915-600276,constant,congestion.short_rest_penalty	1
FIXW#1,1786639915-600276,constant,congestion.status_last_verified	2026-08-04
FIXW#1,1786639915-600276,constant,congestion.ucl_penalty	1
FIXW#1,1786639915-600276,constant,congestion.uecl_penalty	1
FIXW#1,1786639915-600276,constant,congestion.uel_penalty	1
FIXW#1,1786639915-600276,constant,congestion.very_short_rest_penalty	1
FIXW#1,1786639915-600276,constant,review_policy.always_act_on_ruled_out_starter	true
FIXW#1,1786639915-600276,constant,review_policy.bank_transfers_up_to	5
FIXW#1,1786639915-600276,constant,review_policy.free_transfer_value	2
FIXW#1,1786639915-600276,constant,review_policy.max_hits_per_week	1
FIXW#1,1786639915-600276,constant,review_policy.min_gain_for_free_transfer	0.4
FIXW#1,1786639915-600276,constant,review_policy.min_net_gain_for_minus_4	3
FIXW#1,1786639915-600276,constant,"review_policy.rules	8 items, sha ead95ae5"
FIXW#1,1786639915-600276,constant,review_policy.scheduled_run_lead_hours	6
FIXW#1,1786639915-600276,constant,"role_risk.confirmed_starters	4 items, sha 0a0f53ae"
FIXW#1,1786639915-600276,constant,"role_risk.new_coach_clubs	10 items, sha 3abb2b37"
FIXW#1,1786639915-600276,constant,role_risk.new_coach_gameweeks	6
FIXW#1,1786639915-600276,constant,role_risk.new_coach_penalty	1
FIXW#1,1786639915-600276,constant,role_risk.new_signing_gameweeks	5
FIXW#1,1786639915-600276,constant,role_risk.new_signing_penalty	0.88
FIXW#1,1786639915-600276,constant,weights.band_strength	0
FIXW#1,1786639915-600276,constant,weights.bench_weight	0.1
FIXW#1,1786639915-600276,constant,weights.blank_run_penalty	0.75
FIXW#1,1786639915-600276,constant,weights.blend_minutes_k	5
FIXW#1,1786639915-600276,constant,weights.blend_rate_k	8
FIXW#1,1786639915-600276,constant,weights.bonus_prior_weight	0.5
FIXW#1,1786639915-600276,constant,weights.bonus_weight	1.5
FIXW#1,1786639915-600276,constant,weights.defcon_clean_coupling	0.3
FIXW#1,1786639915-600276,constant,weights.fixture_horizon	5
FIXW#1,1786639915-600276,constant,weights.fixture_weight	0.65
FIXW#1,1786639915-600276,constant,weights.league_shrink_k	8
FIXW#1,1786639915-600276,constant,weights.minutes_half_life	4
FIXW#1,1786639915-600276,constant,weights.minutes_weight	1.25
FIXW#1,1786639915-600276,constant,weights.minutes_weight_by_position.DEF	1
FIXW#1,1786639915-600276,constant,weights.minutes_weight_by_position.FWD	1
FIXW#1,1786639915-600276,constant,weights.minutes_weight_by_position.GKP	1
FIXW#1,1786639915-600276,constant,weights.minutes_weight_by_position.MID	0.75
FIXW#1,1786639915-600276,constant,weights.prior_half_life	0
FIXW#1,1786639915-600276,constant,weights.rate_half_life	0
FIXW#1,1786639915-600276,constant,weights.rest_gameweeks	2
FIXW#1,1786639915-600276,constant,weights.rest_minutes_factor	0.83
FIXW#1,1786639915-600276,constant,"weights.rest_players	17 items, sha 98db8aaa"
FIXW#1,1786639915-600276,constant,weights.rest_regions	[] (empty)
FIXW#1,1786639915-600276,constant,weights.set_piece_weight	0
FIXW#1,1786639915-600276,constant,weights.tournament_absences[0].matches	6
FIXW#1,1786639915-600276,constant,weights.tournament_absences[0].name	AFCON 2025 — Senegal (winners)
FIXW#1,1786639915-600276,constant,"weights.tournament_absences[0].players	4 items, sha bd8f6665"
FIXW#1,1786639915-600276,constant,weights.tournament_absences[1].matches	6
FIXW#1,1786639915-600276,constant,weights.tournament_absences[1].name	AFCON 2025 — Nigeria (third place)
FIXW#1,1786639915-600276,constant,"weights.tournament_absences[1].players	3 items, sha e65e3ff8"
FIXW#1,1786639915-600276,constant,weights.tournament_absences[2].matches	6
FIXW#1,1786639915-600276,constant,"weights.tournament_absences[2].name	AFCON 2025 — Morocco (hosts, semi-finalists)"
FIXW#1,1786639915-600276,constant,"weights.tournament_absences[2].players	4 items, sha a13bd6b5"
FIXW#1,1786639915-600276,constant,weights.tournament_absences[3].matches	6
FIXW#1,1786639915-600276,constant,weights.tournament_absences[3].name	AFCON 2025 — Egypt (semi-finalists)
FIXW#1,1786639915-600276,constant,"weights.tournament_absences[3].players	1 items, sha b6bd732f"
FIXW#1,1786639915-600276,constant,weights.tournament_absences[4].matches	5
FIXW#1,1786639915-600276,constant,weights.tournament_absences[4].name	AFCON 2025 — Ivory Coast (quarter-finalists)
FIXW#1,1786639915-600276,constant,"weights.tournament_absences[4].players	4 items, sha 9ed65187"
FIXW#1,1786639915-600276,constant,weights.tournament_absences[5].matches	3
FIXW#1,1786639915-600276,constant,weights.tournament_absences[5].name	AFCON 2025 — group and last-16 exits
FIXW#1,1786639915-600276,constant,"weights.tournament_absences[5].players	4 items, sha 52033c1b"
