season,gw,captured_at,hours_before,events_behind,backfilled,players,flagged
2020-21,1,2020-09-11T01:25Z,32.6,0,true,514,76
2020-21,2,2020-09-16T12:04Z,69.9,0,true,529,99
2020-21,3,2020-09-16T12:04Z,237.9,1,true,529,99
2020-21,4,2020-10-02T17:32Z,16.5,0,true,558,179
2020-21,5,2020-10-08T07:54Z,218.1,0,true,573,206
2020-21,6,2020-10-17T12:20Z,149.2,0,true,577,237
2020-21,7,2020-10-17T12:20Z,318.2,1,true,577,237
2020-21,8,2020-11-06T10:29Z,5.5,0,true,597,300
2020-21,9,2020-11-21T10:13Z,0.8,0,true,600,331
2020-21,10,2020-11-27T11:48Z,6.7,0,true,601,340
2020-21,11,2020-12-05T10:21Z,0.6,0,true,603,349
2020-21,12,2020-12-10T16:34Z,25.9,0,true,604,351
2020-21,13,2020-12-15T14:56Z,1.6,0,true,607,362
2020-21,14,2020-12-19T10:11Z,0.8,0,true,607,367
2020-21,15,2020-12-26T10:26Z,0.6,0,true,611,376
2020-21,16,2020-12-28T12:41Z,0.8,0,true,614,379
2020-21,17,2020-12-31T19:13Z,20.8,0,true,616,381
2020-21,18,2021-01-11T22:39Z,17.8,0,true,628,407
2020-21,19,2021-01-16T09:59Z,1.0,0,true,633,417
2020-21,20,2021-01-26T10:05Z,6.4,0,true,642,437
2020-21,21,2021-01-30T10:23Z,0.6,0,true,645,439
2020-21,22,2021-02-02T10:20Z,6.2,0,true,650,462
2020-21,23,2021-02-05T11:40Z,23.3,0,true,665,467
2020-21,24,2021-02-13T10:49Z,0.2,0,true,667,474
2020-21,25,2021-02-19T16:39Z,1.8,0,true,670,480
2020-21,26,2021-02-27T10:31Z,0.5,0,true,673,490
2020-21,27,2021-03-06T10:29Z,0.5,0,true,682,497
2020-21,28,2021-03-12T15:29Z,3.0,0,true,685,501
2020-21,29,2021-03-19T13:48Z,4.7,0,true,686,505
2020-21,30,2021-04-03T09:37Z,0.4,0,true,686,507
2020-21,31,2021-04-09T08:31Z,9.0,0,true,687,512
2020-21,32,2021-04-16T08:25Z,9.1,0,true,691,517
2020-21,33,2021-04-23T16:32Z,1.0,0,true,691,519
2020-21,34,2021-04-28T08:29Z,57.0,0,true,693,522
2020-21,35,2021-05-07T09:23Z,8.1,0,true,695,524
2020-21,36,2021-05-13T23:25Z,18.1,0,true,703,526
2020-21,37,2021-05-18T09:08Z,6.4,0,true,703,526
2020-21,38,2021-05-23T09:02Z,4.5,0,true,706,528
2021-22,1,2021-08-13T09:52Z,7.6,0,true,529,80
2021-22,2,2021-08-21T09:17Z,0.7,0,true,559,125
2021-22,3,2021-08-28T09:00Z,1.0,0,true,567,166
2021-22,4,2021-09-11T07:33Z,2.4,0,true,594,237
2021-22,5,2021-09-16T18:30Z,23.0,0,true,599,250
2021-22,6,2021-09-23T18:30Z,39.5,0,true,606,276
2021-22,7,2021-09-30T19:00Z,39.0,0,true,611,288
2021-22,8,2021-10-16T08:09Z,1.9,0,true,613,320
2021-22,9,2021-10-19T08:19Z,81.2,0,true,617,325
2021-22,10,2021-10-27T08:45Z,73.2,0,true,618,344
2021-22,11,2021-11-05T09:56Z,8.6,0,true,623,352
2021-22,12,2021-11-20T09:34Z,1.4,0,true,624,377
2021-22,13,2021-11-27T10:26Z,0.6,0,true,631,390
2021-22,14,2021-11-30T09:39Z,8.3,0,true,633,397
2021-22,15,2021-12-04T09:52Z,1.1,0,true,636,410
2021-22,16,2021-12-10T10:31Z,8.0,0,true,641,424
2021-22,17,2021-12-13T10:30Z,31.5,0,true,647,429
2021-22,18,2021-12-17T09:55Z,27.6,0,true,656,445
2021-22,19,2021-12-26T09:56Z,3.6,0,true,661,456
2021-22,20,2021-12-28T10:41Z,2.8,0,true,665,461
2021-22,21,2021-12-30T06:40Z,52.3,0,true,669,465
2021-22,22,2022-01-13T21:23Z,21.1,0,true,683,494
2021-22,23,2022-01-21T10:39Z,7.8,0,true,691,501
2021-22,24,2022-02-06T22:31Z,43.7,0,true,702,523
2021-22,25,2022-02-11T10:05Z,24.9,0,true,705,530
2021-22,26,2022-02-18T10:34Z,24.4,0,true,707,534
2021-22,27,2022-02-25T10:01Z,8.5,0,true,711,538
2021-22,28,2022-03-03T10:09Z,48.8,0,true,714,540
2021-22,29,2022-03-12T09:53Z,1.1,0,true,714,547
2021-22,30,2022-03-18T09:49Z,8.7,0,true,714,548
2021-22,31,2022-04-02T09:39Z,0.3,0,true,714,551
2021-22,32,2022-04-08T14:12Z,3.3,0,true,720,554
2021-22,33,2022-04-15T16:33Z,17.4,0,true,722,558
2021-22,34,2022-04-23T08:04Z,1.9,0,true,726,560
2021-22,35,2022-04-29T09:04Z,24.9,0,true,728,565
2021-22,36,2022-05-06T10:46Z,25.7,0,true,730,565
2021-22,37,2022-05-15T03:37Z,5.9,0,true,734,569
2021-22,38,2022-05-22T00:58Z,12.5,0,true,736,572
2022-23,1,2022-08-05T17:16Z,0.2,0,true,559,102
2022-23,2,2022-08-11T20:52Z,37.1,0,true,580,117
2022-23,3,2022-08-20T08:46Z,1.2,0,true,589,160
2022-23,4,2022-08-27T08:48Z,1.2,0,true,594,189
2022-23,5,2022-08-29T21:30Z,19.5,0,true,601,205
2022-23,6,2022-09-03T09:32Z,0.5,0,true,623,254
2022-23,7,2022-09-09T08:47Z,25.2,0,true,624,269
2022-23,8,2022-09-16T07:51Z,9.6,0,true,627,278
2022-23,9,2022-09-26T10:13Z,119.8,0,true,631,293
2022-23,10,2022-10-07T21:37Z,14.9,0,true,638,323
2022-23,11,2022-10-12T22:40Z,42.8,0,true,641,331
2022-23,12,2022-10-18T09:49Z,7.2,0,true,643,350
2022-23,13,2022-10-21T14:32Z,19.5,0,true,645,363
2022-23,14,2022-10-28T14:40Z,19.3,0,true,648,371
2022-23,15,2022-11-03T14:04Z,47.4,0,true,656,385
2022-23,16,2022-11-11T23:08Z,11.9,0,true,661,402
2022-23,17,2022-12-25T15:22Z,19.6,0,true,667,422
2022-23,18,2022-12-29T21:31Z,20.7,0,true,675,425
2022-23,19,2023-01-02T08:35Z,7.4,0,true,683,429
2022-23,20,2023-01-12T20:54Z,21.6,0,true,692,448
2022-23,21,2023-01-21T10:13Z,0.8,0,true,705,462
2022-23,22,2023-02-03T16:01Z,2.5,0,true,734,501
2022-23,23,2023-02-11T08:00Z,3.0,0,true,740,507
2022-23,24,2023-02-18T08:00Z,3.0,0,true,745,514
2022-23,25,2023-02-24T00:03Z,18.4,0,true,746,517
2022-23,26,2023-03-04T00:01Z,11.0,0,true,746,527
2022-23,27,2023-03-11T10:21Z,0.6,0,true,747,534
2022-23,28,2023-03-17T15:49Z,2.7,0,true,750,543
2022-23,29,2023-04-01T00:04Z,9.9,0,true,751,551
2022-23,30,2023-04-08T07:00Z,3.0,0,true,754,552
2022-23,31,2023-04-15T08:48Z,1.2,0,true,754,554
2022-23,32,2023-04-21T11:00Z,6.5,0,true,759,555
2022-23,33,2023-04-25T08:12Z,8.8,0,true,760,556
2022-23,34,2023-04-29T03:00Z,7.0,0,true,761,558
2022-23,35,2023-05-06T11:00Z,1.5,0,true,762,568
2022-23,36,2023-05-13T09:56Z,0.1,0,true,763,570
2022-23,37,2023-05-20T03:00Z,7.0,0,true,765,577
2022-23,38,2023-05-28T11:00Z,3.0,0,true,775,592
2023-24,1,2023-08-11T08:37Z,8.9,0,true,641,133
2023-24,2,2023-08-18T15:00Z,2.2,0,true,666,170
2023-24,3,2023-08-25T15:00Z,2.5,0,true,678,211
2023-24,4,2023-09-01T15:00Z,2.5,0,true,699,259
2023-24,5,2023-09-16T03:00Z,7.0,0,true,714,322
2023-24,6,2023-09-23T03:00Z,9.5,0,true,717,347
2023-24,7,2023-09-30T07:00Z,3.0,0,true,718,383
2023-24,8,2023-10-07T07:01Z,3.0,0,true,722,400
2023-24,9,2023-10-21T07:00Z,3.0,0,true,726,427
2023-24,10,2023-10-27T07:00Z,10.5,0,true,730,436
2023-24,11,2023-11-04T00:00Z,11.0,0,true,731,448
2023-24,12,2023-11-11T09:57Z,1.0,0,true,733,465
2023-24,13,2023-11-25T10:35Z,0.4,0,true,743,489
2023-24,14,2023-12-02T08:15Z,5.2,0,true,747,499
2023-24,15,2023-12-05T12:00Z,6.0,0,true,753,508
2023-24,16,2023-12-09T08:00Z,3.0,0,true,757,515
2023-24,17,2023-12-15T08:00Z,10.5,0,true,758,524
2023-24,18,2023-12-21T08:00Z,10.5,0,true,765,531
2023-24,19,2023-12-26T08:00Z,3.0,0,true,769,538
2023-24,20,2023-12-30T08:00Z,3.0,0,true,771,544
2023-24,21,2024-01-12T12:00Z,6.2,0,true,775,566
2023-24,22,2024-01-30T12:00Z,6.0,0,true,790,588
2023-24,23,2024-02-03T00:00Z,11.0,0,true,808,602
2023-24,24,2024-02-10T00:01Z,11.0,0,true,809,616
2023-24,25,2024-02-17T00:03Z,10.9,0,true,815,621
2023-24,26,2024-02-24T12:28Z,1.0,0,true,823,627
2023-24,27,2024-03-02T04:00Z,9.5,0,true,828,632
2023-24,28,2024-03-09T10:23Z,0.6,0,true,832,635
2023-24,29,2024-03-16T04:00Z,9.5,0,true,838,637
2023-24,30,2024-03-30T10:03Z,0.9,0,true,838,642
2023-24,31,2024-04-02T10:13Z,6.8,0,true,842,643
2023-24,32,2024-04-06T00:00Z,10.0,0,true,844,644
2023-24,33,2024-04-13T03:02Z,7.0,0,true,846,647
2023-24,34,2024-04-20T07:00Z,5.5,0,true,851,650
2023-24,35,2024-04-26T19:12Z,14.8,0,true,856,652
2023-24,36,2024-05-03T07:00Z,10.5,0,true,859,655
2023-24,37,2024-05-11T00:00Z,10.0,0,true,859,657
2023-24,38,2024-05-19T11:00Z,2.5,0,true,861,657
2024-25,1,2024-08-16T12:33Z,4.9,0,true,610,93
2024-25,2,2024-08-24T00:00Z,10.0,0,true,625,122
2024-25,3,2024-08-31T00:00Z,10.0,0,true,637,162
2024-25,4,2024-09-13T21:13Z,12.8,0,true,655,247
2024-25,5,2024-09-21T03:00Z,7.0,0,true,659,269
2024-25,6,2024-09-28T00:00Z,10.0,0,true,661,276
2024-25,7,2024-10-05T00:00Z,10.0,0,true,664,293
2024-25,8,2024-10-10T00:09Z,225.8,0,true,666,306
2024-25,9,2024-10-10T00:09Z,377.3,1,true,666,306
2024-25,10,2024-10-10T00:09Z,562.8,2,true,666,306
2024-25,11,2024-11-09T10:13Z,3.3,0,true,674,377
2024-25,12,2024-11-22T23:17Z,11.7,0,true,678,401
2024-25,13,2024-11-29T12:00Z,6.5,0,true,684,406
2024-25,14,2024-12-03T12:00Z,6.0,0,true,690,419
2024-25,15,2024-12-07T00:00Z,11.0,0,true,693,426
2024-25,16,2024-12-14T12:00Z,1.5,0,true,693,436
2024-25,17,2024-12-21T10:47Z,0.2,0,true,701,448
2024-25,18,2024-12-26T10:40Z,0.3,0,true,701,455
2024-25,19,2024-12-29T12:00Z,1.0,0,true,705,470
2024-25,20,2025-01-04T09:55Z,1.1,0,true,709,478
2024-25,21,2025-01-14T12:00Z,6.0,0,true,718,495
2024-25,22,2025-01-18T08:00Z,3.0,0,true,726,506
2024-25,23,2025-01-25T08:00Z,5.5,0,true,755,512
2024-25,24,2025-02-01T10:59Z,0.0,0,true,757,522
2024-25,25,2025-02-14T18:04Z,0.4,0,true,773,557
2024-25,26,2025-02-21T17:03Z,1.4,0,true,779,565
2024-25,27,2025-02-25T17:56Z,0.1,0,true,783,567
2024-25,28,2025-03-08T10:01Z,1.0,0,true,785,576
2024-25,29,2025-03-15T08:00Z,5.5,0,true,789,578
2024-25,30,2025-04-01T10:22Z,6.9,0,true,789,582
2024-25,31,2025-04-05T00:00Z,10.0,0,true,791,585
2024-25,32,2025-04-12T00:00Z,10.0,0,true,792,590
2024-25,33,2025-04-19T11:00Z,1.5,0,true,798,595
2024-25,34,2025-04-26T00:00Z,10.0,0,true,799,598
2024-25,35,2025-05-02T15:00Z,2.5,0,true,800,600
2024-25,36,2025-05-10T07:00Z,5.5,0,true,801,601
2024-25,37,2025-05-16T11:00Z,6.0,0,true,801,602
2024-25,38,2025-05-25T10:49Z,2.7,0,true,801,603
2025-26,1,2025-08-15T11:02Z,6.5,0,true,685,128
2025-26,2,2025-08-22T15:27Z,2.0,0,true,699,164
2025-26,3,2025-08-30T07:00Z,3.0,0,true,709,190
2025-26,4,2025-09-13T07:00Z,3.0,0,true,738,273
2025-26,5,2025-09-20T07:03Z,2.9,0,true,740,287
2025-26,6,2025-09-27T08:13Z,1.8,0,true,741,327
2025-26,7,2025-10-03T17:03Z,0.4,0,true,742,344
2025-26,8,2025-10-18T07:01Z,3.0,0,true,743,374
2025-26,9,2025-10-24T16:16Z,1.2,0,true,745,386
2025-26,10,2025-11-01T10:00Z,3.5,0,true,746,399
2025-26,11,2025-11-08T10:14Z,0.8,0,true,748,409
2025-26,12,2025-11-22T01:37Z,9.4,0,true,752,427
2025-26,13,2025-11-29T12:12Z,1.3,0,true,755,436
2025-26,14,2025-12-02T14:43Z,3.3,0,true,755,439
2025-26,15,2025-12-06T04:37Z,6.4,0,true,758,449
2025-26,16,2025-12-13T12:01Z,1.5,0,true,759,462
2025-26,17,2025-12-20T04:02Z,7.0,0,true,760,484
2025-26,18,2025-12-26T04:00Z,14.5,0,true,770,489
2025-26,19,2025-12-30T16:30Z,1.5,0,true,775,497
2025-26,20,2026-01-03T08:04Z,2.9,0,true,780,505
2025-26,21,2026-01-06T00:00Z,18.5,0,true,790,512
2025-26,22,2026-01-17T00:18Z,10.7,0,true,796,535
2025-26,23,2026-01-24T00:00Z,11.0,0,true,802,547
2025-26,24,2026-01-31T12:00Z,1.5,0,true,808,558
2025-26,25,2026-02-06T15:32Z,3.0,0,true,817,569
2025-26,26,2026-02-10T16:12Z,1.8,0,true,817,582
2025-26,27,2026-02-21T01:22Z,12.1,0,true,817,588
2025-26,28,2026-02-27T12:00Z,6.5,0,true,818,591
2025-26,29,2026-03-03T12:01Z,6.0,0,true,819,596
2025-26,30,2026-03-14T00:00Z,13.5,0,true,820,602
2025-26,31,2026-03-20T12:01Z,6.5,0,true,822,605
2025-26,32,2026-04-10T11:01Z,6.5,0,true,825,614
2025-26,33,2026-04-18T00:00Z,10.0,0,true,826,617
2025-26,34,2026-04-24T11:00Z,6.5,0,true,829,620
2025-26,35,2026-05-01T07:00Z,10.5,0,true,830,621
2025-26,36,2026-05-09T00:00Z,10.0,0,true,832,626
2025-26,37,2026-05-15T07:03Z,10.4,0,true,838,627
2025-26,38,2026-05-24T13:22Z,0.1,0,true,840,630
