element,GW,starts,understat_matches
1,14,0,1
2,3,1,1
2,4,1,1
2,5,1,1
2,6,1,1
2,8,1,1
2,9,1,1
2,10,1,1
2,11,1,1
2,12,1,1
2,13,1,1
2,14,1,1
2,15,1,1
3,1,1,1
3,2,1,1
3,3,1,1
3,4,1,1
3,5,1,1
3,6,1,1
3,8,1,1
3,9,1,1
3,10,1,1
3,11,1,1
3,13,1,1
3,14,1,1
3,15,1,1
4,4,1,1
4,15,0,1
5,4,0,1
5,5,0,1
5,11,0,1
5,15,0,1
6,1,1,1
6,2,1,1
6,3,1,1
6,8,1,1
6,9,1,1
6,10,1,1
6,11,1,1
6,13,1,1
6,14,1,1
6,15,1,1
7,1,1,1
7,2,1,1
7,3,1,1
7,4,1,1
7,5,1,1
7,6,1,1
7,9,1,1
7,10,1,1
7,11,1,1
7,13,1,1
7,14,1,1
7,15,1,1
8,1,0,1
8,2,0,1
8,3,0,1
8,4,1,1
8,5,1,1
8,8,1,1
8,9,0,1
8,10,0,1
8,11,0,1
8,13,0,1
8,14,0,1
8,15,0,1
10,1,1,1
10,2,1,1
10,3,1,1
10,4,1,1
10,5,1,1
10,6,1,1
10,8,1,1
10,9,1,1
10,10,1,1
10,11,1,1
10,13,1,1
10,14,1,1
10,15,1,1
11,1,0,1
11,2,0,1
11,3,0,1
11,4,0,1
11,5,0,1
11,6,0,1
11,8,0,1
11,9,0,1
11,10,0,1
11,11,0,1
11,13,0,1
11,14,0,1
12,2,0,1
12,3,0,1
12,5,0,1
12,6,0,1
13,1,1,1
13,2,1,1
13,3,1,1
13,4,1,1
13,5,1,1
13,6,1,1
13,8,1,1
13,9,1,1
13,10,1,1
13,11,1,1
13,13,1,1
13,14,1,1
13,15,1,1
14,2,0,1
14,3,0,1
14,4,0,1
14,5,0,1
14,6,0,1
14,8,0,1
14,9,0,1
14,10,1,1
14,11,1,1
14,13,1,1
14,14,1,1
15,1,1,1
15,2,1,1
15,3,1,1
15,4,1,1
15,5,1,1
15,6,1,1
15,8,1,1
15,9,1,1
15,10,1,1
15,11,1,1
15,13,1,1
15,14,1,1
15,15,1,1
16,1,1,1
16,2,1,1
16,3,1,1
16,4,1,1
16,5,1,1
16,6,1,1
16,8,1,1
16,9,1,1
16,10,1,1
16,11,1,1
16,13,1,1
16,14,1,1
16,15,1,1
18,1,0,1
18,3,0,1
18,5,1,1
18,6,1,1
18,8,0,1
18,9,0,1
19,1,1,1
19,2,1,1
19,3,1,1
19,4,1,1
19,5,1,1
19,6,1,1
19,8,1,1
19,9,1,1
19,10,1,1
19,11,1,1
19,13,1,1
19,14,1,1
19,15,1,1
21,6,0,1
21,9,1,1
21,11,1,1
21,12,1,1
21,14,0,1
21,15,1,1
23,14,0,1
25,6,0,1
25,8,1,1
25,9,0,1
25,10,0,1
25,11,0,1
25,13,0,1
25,14,0,1
26,1,1,1
26,2,1,1
26,3,1,1
26,4,1,1
26,5,1,1
26,6,1,1
26,8,1,1
26,9,1,1
26,10,1,1
26,11,1,1
26,13,1,1
26,14,1,1
26,15,1,1
27,8,0,1
28,1,1,1
28,2,1,1
28,3,1,1
28,4,1,1
28,5,1,1
28,6,1,1
28,8,1,1
28,9,1,1
28,10,1,1
28,11,1,1
28,13,1,1
28,14,1,1
28,15,1,1
29,1,1,1
29,2,1,1
29,3,0,1
29,4,1,1
29,5,0,1
29,6,0,1
29,8,1,1
29,9,1,1
29,10,1,1
29,11,0,1
29,13,0,1
29,14,0,1
30,1,1,1
30,2,1,1
30,3,0,1
30,4,1,1
30,5,0,1
30,8,0,1
30,9,0,1
30,10,0,1
30,11,1,1
30,12,1,1
30,13,1,1
30,14,1,1
30,15,0,1
31,1,1,1
31,2,1,1
31,3,1,1
31,4,1,1
31,5,1,1
31,6,1,1
31,8,1,1
31,9,1,1
31,10,1,1
31,11,1,1
31,12,1,1
31,13,1,1
31,14,1,1
31,15,1,1
32,2,0,1
32,4,1,1
32,13,0,1
33,1,1,1
33,2,1,1
33,3,1,1
33,4,1,1
33,5,1,1
33,6,1,1
33,8,1,1
33,14,0,1
33,15,1,1
35,14,0,1
36,15,0,1
37,1,1,1
37,2,1,1
37,3,1,1
37,4,1,1
37,5,1,1
37,6,1,1
37,8,1,1
37,9,1,1
37,10,1,1
37,11,1,1
37,12,1,1
37,13,0,1
37,14,0,1
37,15,0,1
39,2,1,1
39,3,1,1
39,5,1,1
39,6,1,1
39,8,1,1
39,9,1,1
39,10,1,1
39,11,1,1
39,12,1,1
39,13,1,1
39,14,1,1
39,15,1,1
40,1,0,1
40,2,1,1
40,3,1,1
40,4,1,1
40,5,1,1
40,6,1,1
40,8,1,1
40,9,1,1
40,10,1,1
40,11,1,1
40,12,1,1
40,13,1,1
40,14,1,1
40,15,1,1
42,1,0,1
42,2,0,1
42,3,1,1
42,4,0,1
42,5,1,1
42,6,0,1
42,8,0,1
42,9,0,1
42,10,1,1
42,11,0,1
42,12,0,1
42,13,1,1
42,14,1,1
42,15,1,1
43,1,1,1
43,2,1,1
43,3,1,1
43,4,1,1
43,5,1,1
43,6,1,1
43,10,1,1
43,11,1,1
43,12,0,1
43,13,1,1
43,14,1,1
43,15,1,1
44,1,1,1
44,2,0,1
44,3,1,1
44,4,1,1
44,5,1,1
44,6,1,1
44,8,1,1
44,9,1,1
44,10,1,1
44,11,1,1
44,12,1,1
44,13,1,1
44,14,1,1
44,15,1,1
45,1,1,1
45,2,0,1
45,3,1,1
45,4,0,1
45,5,1,1
45,6,1,1
45,8,1,1
45,9,1,1
45,11,1,1
45,12,1,1
45,13,1,1
45,14,1,1
45,15,1,1
46,1,0,1
46,3,0,1
46,4,1,1
46,5,0,1
46,6,1,1
46,8,0,1
46,9,1,1
46,10,1,1
46,11,1,1
46,12,1,1
46,13,1,1
46,14,1,1
46,15,1,1
47,1,1,1
47,2,1,1
47,3,1,1
47,4,0,1
47,5,1,1
47,6,1,1
47,8,1,1
47,9,1,1
47,10,1,1
47,11,1,1
47,12,1,1
47,13,0,1
47,14,0,1
47,15,1,1
48,10,0,1
48,12,0,1
48,13,0,1
50,1,1,1
50,2,1,1
53,1,1,1
53,2,1,1
53,3,1,1
53,4,1,1
53,5,1,1
53,6,1,1
53,8,1,1
53,15,0,1
54,1,0,1
54,4,0,1
54,10,0,1
54,12,0,1
54,13,0,1
57,1,1,1
57,2,1,1
57,3,1,1
57,4,1,1
57,5,1,1
57,6,1,1
57,8,1,1
57,9,1,1
57,10,1,1
57,11,1,1
57,12,1,1
57,13,1,1
57,14,1,1
57,15,1,1
58,1,0,1
58,2,0,1
58,12,0,1
58,15,0,1
59,5,0,1
59,6,0,1
59,10,1,1
59,11,1,1
59,12,1,1
59,13,1,1
59,14,0,1
59,15,1,1
61,2,0,1
62,1,1,1
62,2,1,1
62,3,1,1
62,4,1,1
62,5,0,1
62,6,0,1
62,8,0,1
62,9,1,1
62,10,0,1
62,11,0,1
62,12,0,1
62,13,0,1
62,14,1,1
62,15,1,1
63,4,0,1
64,1,1,1
64,2,1,1
64,3,1,1
64,4,1,1
64,5,1,1
64,6,1,1
64,8,1,1
64,9,1,1
64,10,1,1
64,11,1,1
64,12,1,1
64,13,1,1
64,14,1,1
64,15,1,1
65,2,1,1
65,6,0,1
65,8,0,1
65,10,0,1
65,11,0,1
65,15,0,1
66,1,1,1
66,4,0,1
66,5,1,1
66,6,1,1
66,8,1,1
66,9,1,1
66,10,1,1
66,11,1,1
66,12,1,1
66,13,1,1
66,14,1,1
66,15,1,1
67,1,0,1
67,2,1,1
67,3,0,1
67,4,1,1
67,5,1,1
67,6,1,1
67,8,1,1
67,9,1,1
67,10,1,1
67,11,1,1
67,12,1,1
67,13,1,1
67,14,1,1
67,15,1,1
68,1,1,1
68,2,1,1
68,3,1,1
68,4,0,1
69,1,0,1
69,2,1,1
69,3,0,1
69,4,1,1
69,5,1,1
69,6,1,1
69,8,1,1
69,9,0,1
69,10,1,1
69,11,1,1
69,12,1,1
69,13,1,1
70,1,1,1
70,2,0,1
70,3,1,1
70,4,0,1
70,5,1,1
70,6,1,1
70,8,1,1
70,9,1,1
70,10,1,1
70,11,1,1
70,12,1,1
70,13,1,1
70,14,1,1
70,15,1,1
71,1,1,1
71,2,1,1
71,3,1,1
71,4,1,1
71,5,1,1
71,6,1,1
71,8,1,1
71,9,1,1
71,10,1,1
71,11,1,1
71,12,1,1
71,13,1,1
71,14,1,1
71,15,1,1
72,1,1,1
72,2,1,1
72,3,1,1
72,4,1,1
72,13,0,1
72,14,1,1
72,15,1,1
73,1,1,1
73,2,1,1
73,3,1,1
73,5,1,1
73,6,1,1
74,12,0,1
75,3,0,1
75,4,1,1
75,5,0,1
75,6,0,1
75,8,0,1
75,10,0,1
75,11,0,1
75,13,0,1
75,14,0,1
76,1,1,1
76,3,1,1
76,4,1,1
76,5,1,1
76,6,1,1
76,8,1,1
76,9,1,1
76,11,0,1
76,13,0,1
76,14,1,1
78,1,1,1
78,2,1,1
78,3,1,1
78,6,1,1
78,8,1,1
78,9,1,1
79,1,1,1
79,2,1,1
79,3,1,1
79,4,1,1
80,1,1,1
80,2,1,1
80,3,1,1
80,4,1,1
80,5,1,1
80,6,1,1
80,8,1,1
80,9,1,1
80,10,1,1
80,11,1,1
80,12,1,1
80,13,1,1
80,14,1,1
81,1,1,1
81,2,1,1
81,3,1,1
81,4,1,1
81,5,1,1
81,6,1,1
81,8,1,1
81,9,1,1
81,10,1,1
81,11,1,1
81,12,1,1
81,13,1,1
81,14,1,1
81,15,1,1
82,11,0,1
82,13,0,1
82,14,0,1
82,15,0,1
83,1,0,1
83,2,1,1
83,3,1,1
83,4,1,1
83,5,0,1
83,6,0,1
83,8,1,1
83,9,0,1
83,10,1,1
83,11,0,1
83,12,0,1
83,13,0,1
83,14,1,1
83,15,1,1
84,8,1,1
84,9,1,1
84,10,1,1
84,11,1,1
84,13,1,1
84,14,1,1
85,1,1,1
85,2,1,1
85,3,1,1
85,4,1,1
85,5,1,1
85,6,1,1
85,8,1,1
85,9,1,1
85,10,1,1
85,11,1,1
85,12,1,1
85,13,1,1
85,14,1,1
85,15,1,1
86,1,1,1
86,2,0,1
86,3,0,1
86,4,0,1
86,5,1,1
86,6,1,1
86,8,1,1
86,9,1,1
86,10,0,1
86,11,1,1
86,12,1,1
86,13,1,1
86,14,1,1
86,15,1,1
87,3,0,1
87,5,0,1
87,10,0,1
87,11,0,1
87,12,0,1
87,15,0,1
88,1,1,1
88,2,1,1
88,3,1,1
88,4,1,1
88,5,1,1
88,6,1,1
88,8,1,1
88,9,1,1
88,10,1,1
88,11,1,1
88,12,1,1
88,13,1,1
88,14,1,1
88,15,1,1
89,1,1,1
89,2,0,1
89,3,1,1
89,4,1,1
89,5,0,1
89,6,0,1
89,8,0,1
89,9,0,1
89,10,0,1
89,11,1,1
89,12,0,1
89,13,0,1
89,14,1,1
89,15,1,1
90,2,1,1
90,11,0,1
90,12,1,1
90,13,1,1
90,14,0,1
90,15,1,1
91,1,0,1
91,2,0,1
91,4,0,1
92,10,1,1
92,11,1,1
92,12,1,1
92,13,1,1
92,14,1,1
92,15,1,1
93,2,0,1
93,5,0,1
93,6,0,1
93,8,0,1
93,9,0,1
93,10,0,1
93,11,1,1
93,12,1,1
93,13,1,1
93,14,0,1
93,15,0,1
94,1,0,1
94,2,0,1
94,3,0,1
94,4,0,1
94,5,1,1
94,6,1,1
94,8,0,1
94,9,1,1
94,10,1,1
94,11,0,1
94,12,0,1
94,13,0,1
95,1,1,1
95,2,1,1
95,3,1,1
95,4,1,1
95,5,1,1
95,6,1,1
95,8,1,1
95,9,1,1
95,10,1,1
95,11,1,1
95,12,1,1
95,13,1,1
95,14,1,1
95,15,1,1
101,1,1,1
101,2,1,1
101,3,1,1
101,9,0,1
101,10,0,1
101,11,0,1
101,12,1,1
101,13,1,1
101,14,1,1
101,15,1,1
103,1,1,1
103,2,1,1
103,3,1,1
103,4,1,1
103,5,0,1
103,6,1,1
103,9,1,1
103,10,1,1
103,11,1,1
103,12,1,1
103,13,1,1
103,15,0,1
104,1,1,1
104,2,1,1
104,3,1,1
104,4,1,1
104,5,1,1
104,6,1,1
104,9,1,1
104,10,1,1
104,11,1,1
104,12,1,1
104,13,1,1
104,14,1,1
104,15,1,1
105,1,0,1
105,3,0,1
105,10,0,1
105,13,0,1
106,1,1,1
106,2,1,1
106,3,1,1
106,4,1,1
106,5,1,1
106,6,1,1
106,9,1,1
106,10,1,1
106,11,1,1
106,12,1,1
106,13,1,1
106,14,1,1
106,15,1,1
107,1,1,1
107,2,1,1
107,3,1,1
107,4,1,1
107,5,1,1
107,6,1,1
107,9,1,1
107,10,1,1
107,11,1,1
107,12,1,1
107,13,1,1
107,14,1,1
107,15,1,1
108,1,1,1
108,2,1,1
108,3,1,1
108,4,1,1
108,5,1,1
108,6,1,1
108,9,1,1
108,10,1,1
108,11,1,1
108,12,1,1
108,13,1,1
108,14,1,1
108,15,1,1
109,1,1,1
109,2,1,1
109,3,1,1
109,4,1,1
109,5,1,1
109,6,1,1
109,9,1,1
109,10,1,1
109,11,1,1
109,12,1,1
109,13,1,1
109,15,0,1
110,6,1,1
110,8,1,1
110,9,1,1
110,10,1,1
110,11,1,1
110,12,0,1
110,13,0,1
110,14,0,1
110,15,0,1
111,1,1,1
111,2,1,1
111,3,1,1
111,4,1,1
111,5,1,1
111,6,1,1
111,9,1,1
111,10,1,1
111,11,1,1
111,12,1,1
111,13,1,1
111,14,1,1
111,15,1,1
112,1,0,1
112,2,1,1
112,3,1,1
112,4,1,1
112,5,1,1
112,6,1,1
112,10,1,1
112,11,1,1
112,12,1,1
112,13,1,1
112,14,1,1
112,15,1,1
113,1,1,1
113,2,1,1
113,3,1,1
113,4,1,1
113,5,1,1
113,6,1,1
113,9,1,1
113,10,1,1
113,11,1,1
113,12,1,1
113,13,1,1
113,14,1,1
113,15,1,1
114,1,0,1
114,2,0,1
114,4,0,1
114,5,0,1
114,6,0,1
114,9,0,1
114,10,0,1
114,12,0,1
114,13,0,1
114,14,0,1
116,1,1,1
116,2,1,1
116,3,1,1
116,4,1,1
116,5,1,1
116,6,1,1
116,9,1,1
116,10,1,1
116,11,1,1
116,12,1,1
116,13,1,1
116,14,1,1
116,15,1,1
118,1,0,1
118,2,0,1
118,3,0,1
118,4,0,1
118,5,1,1
118,6,1,1
119,13,0,1
119,14,0,1
120,1,1,1
120,2,1,1
120,3,1,1
120,4,1,1
120,5,1,1
120,6,1,1
120,9,1,1
120,10,1,1
120,11,1,1
120,12,1,1
120,13,1,1
120,14,1,1
120,15,1,1
123,1,0,1
123,5,0,1
123,6,0,1
123,11,0,1
123,12,0,1
123,13,0,1
123,15,0,1
124,2,0,1
124,3,0,1
124,4,0,1
124,5,0,1
124,9,0,1
124,10,0,1
124,11,0,1
124,14,1,1
124,15,1,1
125,14,0,1
127,1,1,1
127,2,0,1
127,3,0,1
127,4,0,1
127,5,1,1
127,10,1,1
127,11,0,1
127,12,1,1
127,13,1,1
127,15,1,1
128,1,1,1
128,2,1,1
128,3,1,1
128,4,1,1
128,5,1,1
128,6,1,1
128,9,1,1
128,11,1,1
128,13,1,1
128,14,1,1
128,15,1,1
130,1,1,1
130,2,1,1
130,3,1,1
130,4,1,1
130,5,1,1
130,6,0,1
130,9,1,1
130,10,1,1
130,11,0,1
130,12,1,1
130,13,1,1
130,15,1,1
132,4,0,1
132,5,0,1
132,6,1,1
132,9,1,1
132,10,0,1
132,11,1,1
132,12,0,1
132,13,0,1
132,14,1,1
132,15,0,1
133,9,1,1
133,10,1,1
133,11,1,1
133,12,1,1
133,13,1,1
133,14,1,1
134,1,1,1
134,2,1,1
135,3,0,1
135,5,1,1
135,10,0,1
135,14,0,1
136,1,0,1
136,2,1,1
136,3,1,1
136,4,1,1
136,5,1,1
136,6,1,1
136,9,0,1
136,10,1,1
136,11,1,1
136,12,1,1
136,13,1,1
136,14,1,1
136,15,1,1
139,1,1,1
139,3,0,1
139,4,0,1
139,5,0,1
139,6,0,1
139,9,1,1
139,11,1,1
139,13,1,1
139,14,0,1
140,1,0,1
140,2,0,1
140,3,0,1
140,4,0,1
140,5,0,1
140,6,1,1
140,9,0,1
140,10,1,1
140,12,0,1
140,13,0,1
140,14,1,1
140,15,0,1
141,4,1,1
141,10,1,1
141,11,1,1
141,12,1,1
141,13,1,1
141,14,1,1
141,15,1,1
142,1,1,1
142,2,1,1
142,3,1,1
142,4,1,1
142,5,1,1
142,6,0,1
142,9,1,1
142,10,1,1
142,11,1,1
142,12,1,1
142,13,1,1
142,14,1,1
142,15,1,1
145,1,1,1
145,2,1,1
145,3,1,1
145,4,1,1
145,5,1,1
145,6,0,1
145,9,1,1
145,10,1,1
145,11,1,1
145,12,1,1
145,14,1,1
145,15,1,1
146,1,1,1
146,2,1,1
146,3,1,1
146,4,1,1
146,6,1,1
146,9,1,1
146,10,0,1
147,1,1,1
147,2,1,1
147,3,1,1
147,4,1,1
147,5,1,1
147,6,1,1
147,14,0,1
147,15,1,1
148,1,0,1
148,2,0,1
148,3,1,1
148,4,1,1
148,6,1,1
148,9,0,1
148,10,1,1
148,11,0,1
148,12,1,1
148,14,1,1
148,15,0,1
149,6,0,1
149,10,0,1
149,13,0,1
149,15,0,1
150,1,0,1
150,2,0,1
150,5,0,1
150,6,0,1
150,9,0,1
150,10,0,1
150,11,0,1
150,12,1,1
150,13,0,1
150,14,0,1
150,15,0,1
152,1,1,1
152,2,1,1
152,3,1,1
152,4,1,1
152,5,1,1
152,6,1,1
152,9,1,1
152,10,1,1
152,11,1,1
152,12,1,1
152,13,1,1
152,14,1,1
152,15,1,1
153,9,0,1
156,2,1,1
156,3,1,1
156,4,1,1
156,5,1,1
156,6,1,1
156,9,1,1
156,10,1,1
156,11,1,1
156,12,1,1
156,13,1,1
156,14,1,1
157,1,1,1
157,2,1,1
157,4,1,1
157,5,1,1
157,6,0,1
157,9,1,1
157,15,1,1
158,1,0,1
158,2,0,1
158,3,0,1
158,5,0,1
158,10,0,1
158,11,0,1
158,13,1,1
158,14,1,1
158,15,0,1
159,1,1,1
159,2,1,1
159,3,1,1
159,4,1,1
159,5,0,1
159,6,1,1
159,9,1,1
159,10,1,1
159,11,1,1
159,12,0,1
159,13,1,1
159,14,0,1
159,15,1,1
160,1,1,1
160,2,1,1
160,3,1,1
160,5,1,1
160,6,1,1
160,9,1,1
160,10,1,1
160,11,1,1
160,12,1,1
160,13,1,1
160,14,1,1
160,15,1,1
161,1,1,1
161,2,1,1
161,3,1,1
161,4,1,1
161,5,1,1
161,6,1,1
161,9,0,1
161,10,1,1
161,11,1,1
161,12,1,1
161,13,0,1
161,14,1,1
161,15,1,1
163,1,0,1
163,2,0,1
163,3,0,1
163,4,0,1
163,9,0,1
163,10,0,1
163,14,0,1
164,11,0,1
164,12,0,1
164,14,0,1
165,1,1,1
165,2,1,1
165,3,1,1
165,4,1,1
165,5,1,1
165,6,1,1
165,10,1,1
165,11,1,1
165,12,1,1
165,13,1,1
165,14,1,1
165,15,1,1
166,1,1,1
166,2,0,1
166,3,1,1
166,4,1,1
166,5,0,1
166,6,0,1
166,9,1,1
166,10,1,1
166,11,1,1
166,12,1,1
166,13,1,1
166,14,1,1
167,1,1,1
167,2,1,1
167,3,1,1
167,4,1,1
167,5,1,1
167,6,1,1
167,9,1,1
167,10,1,1
167,11,1,1
167,12,1,1
167,13,1,1
167,14,1,1
167,15,1,1
168,1,0,1
168,3,0,1
168,4,0,1
168,5,1,1
168,6,1,1
168,9,0,1
168,10,0,1
168,11,0,1
168,12,0,1
168,13,0,1
169,1,1,1
169,2,1,1
169,3,1,1
169,4,1,1
169,5,1,1
169,6,1,1
169,9,1,1
169,10,1,1
169,11,1,1
169,12,1,1
169,13,1,1
169,14,1,1
169,15,1,1
170,1,1,1
170,2,1,1
170,3,1,1
170,4,1,1
170,5,0,1
170,6,1,1
170,9,1,1
170,10,0,1
170,11,1,1
170,12,1,1
170,13,1,1
170,14,1,1
170,15,1,1
171,2,0,1
171,3,0,1
171,4,0,1
171,5,1,1
171,6,0,1
171,9,1,1
171,10,1,1
171,11,0,1
171,12,1,1
171,13,1,1
171,14,1,1
171,15,1,1
173,1,0,1
173,13,0,1
176,8,1,1
177,2,0,1
177,3,1,1
177,4,0,1
177,8,0,1
177,9,0,1
177,10,0,1
177,11,0,1
178,9,1,1
178,10,1,1
178,11,1,1
178,12,1,1
178,13,1,1
178,14,1,1
178,15,1,1
180,4,0,1
181,1,0,1
181,2,0,1
182,1,1,1
182,2,1,1
182,3,1,1
182,4,1,1
182,5,1,1
182,6,1,1
182,9,1,1
182,10,1,1
182,11,1,1
182,12,1,1
182,13,1,1
182,14,1,1
182,15,1,1
185,1,1,1
185,2,1,1
185,8,0,1
185,9,0,1
185,13,0,1
185,15,0,1
186,1,1,1
186,2,1,1
186,3,1,1
186,4,1,1
186,5,1,1
186,6,1,1
186,8,1,1
186,9,1,1
186,10,1,1
186,11,1,1
186,12,1,1
186,13,1,1
186,14,1,1
186,15,1,1
188,1,1,1
189,1,1,1
189,2,1,1
189,3,1,1
189,4,1,1
189,5,1,1
189,6,1,1
189,8,1,1
189,9,1,1
189,10,1,1
189,11,1,1
189,12,1,1
189,13,1,1
189,14,1,1
189,15,1,1
190,2,0,1
190,3,1,1
190,4,0,1
190,5,1,1
190,6,1,1
190,9,0,1
190,13,0,1
191,10,0,1
191,11,0,1
191,12,1,1
191,13,1,1
191,14,1,1
191,15,1,1
192,1,0,1
192,2,1,1
192,3,1,1
192,4,1,1
193,1,1,1
194,1,1,1
194,2,1,1
194,3,1,1
194,4,1,1
194,5,1,1
194,6,1,1
194,8,1,1
194,9,1,1
194,10,1,1
194,11,1,1
194,12,1,1
194,13,1,1
194,14,1,1
194,15,1,1
195,1,1,1
195,2,1,1
195,3,1,1
195,4,1,1
195,5,1,1
195,6,1,1
195,8,1,1
195,9,0,1
195,10,1,1
195,12,1,1
195,13,1,1
195,14,1,1
195,15,0,1
197,1,1,1
197,2,1,1
197,3,1,1
197,4,1,1
197,5,1,1
197,6,1,1
197,8,1,1
197,14,0,1
197,15,0,1
199,1,1,1
199,2,1,1
199,3,1,1
199,4,1,1
199,5,1,1
199,6,1,1
199,8,1,1
199,9,1,1
199,10,1,1
199,11,1,1
199,12,1,1
199,13,1,1
199,14,1,1
199,15,1,1
200,1,0,1
200,2,0,1
200,3,0,1
200,4,0,1
200,5,0,1
200,6,0,1
200,8,0,1
200,9,0,1
200,10,0,1
200,11,0,1
200,12,0,1
200,13,0,1
200,14,0,1
200,15,0,1
201,1,1,1
201,2,1,1
201,3,1,1
201,4,1,1
201,5,1,1
201,6,1,1
201,8,1,1
201,9,1,1
201,10,1,1
201,11,1,1
201,12,1,1
201,13,1,1
201,14,1,1
201,15,1,1
203,4,0,1
203,5,0,1
203,9,1,1
204,1,1,1
204,2,1,1
204,4,1,1
204,5,1,1
204,6,1,1
204,8,0,1
204,9,0,1
204,10,1,1
204,11,1,1
204,12,1,1
204,13,0,1
204,14,1,1
205,1,1,1
205,2,1,1
205,3,1,1
205,4,1,1
205,5,1,1
205,6,1,1
205,8,1,1
205,9,1,1
205,10,1,1
205,11,1,1
205,12,1,1
205,13,1,1
205,14,1,1
209,1,1,1
209,2,1,1
209,3,1,1
209,4,1,1
209,5,1,1
209,6,1,1
209,8,1,1
209,9,1,1
209,10,1,1
209,13,1,1
210,1,1,1
210,2,1,1
210,3,1,1
210,4,1,1
210,5,1,1
210,6,1,1
210,8,1,1
210,9,1,1
210,11,1,1
210,12,1,1
210,13,1,1
210,14,1,1
211,1,1,1
211,2,1,1
211,3,1,1
211,4,1,1
211,5,1,1
211,6,1,1
211,8,1,1
211,9,1,1
211,10,1,1
211,11,1,1
211,12,1,1
211,13,1,1
211,14,1,1
211,15,1,1
212,10,0,1
212,11,0,1
212,12,0,1
212,13,1,1
212,14,0,1
212,15,1,1
213,1,1,1
213,2,1,1
215,1,1,1
215,2,1,1
215,3,1,1
215,4,1,1
215,5,1,1
215,6,1,1
215,8,1,1
215,14,0,1
215,15,1,1
216,10,0,1
217,1,1,1
217,2,1,1
217,3,1,1
217,4,1,1
217,5,1,1
217,6,1,1
217,10,1,1
217,11,1,1
217,12,1,1
217,13,1,1
217,14,1,1
217,15,1,1
219,2,0,1
219,3,1,1
219,4,0,1
220,1,1,1
220,2,1,1
220,3,1,1
220,4,1,1
220,5,1,1
220,6,1,1
220,8,1,1
220,10,1,1
220,11,1,1
220,12,1,1
220,13,1,1
220,14,1,1
220,15,1,1
221,9,1,1
221,10,1,1
221,11,1,1
221,12,0,1
221,13,1,1
221,14,1,1
221,15,1,1
222,6,0,1
222,9,0,1
222,10,0,1
222,13,1,1
222,14,0,1
222,15,0,1
223,1,0,1
223,2,0,1
223,3,0,1
223,4,0,1
223,5,0,1
223,6,0,1
223,9,0,1
223,10,0,1
223,11,0,1
223,12,0,1
223,13,0,1
224,2,0,1
224,3,0,1
224,4,0,1
225,1,1,1
225,2,1,1
225,3,1,1
225,4,1,1
225,5,1,1
225,9,1,1
225,10,1,1
225,11,1,1
225,12,0,1
225,13,1,1
225,14,1,1
225,15,1,1
227,1,1,1
227,2,1,1
227,5,0,1
227,6,0,1
227,9,0,1
227,10,1,1
227,11,0,1
227,12,1,1
227,13,0,1
227,14,0,1
228,1,1,1
228,2,1,1
228,3,1,1
228,4,1,1
228,5,1,1
228,6,1,1
228,12,1,1
230,1,1,1
230,2,1,1
230,3,1,1
230,4,1,1
230,5,1,1
230,6,1,1
230,9,1,1
230,10,1,1
230,11,1,1
230,12,1,1
230,13,1,1
230,14,1,1
230,15,1,1
231,2,0,1
231,3,1,1
231,4,1,1
231,5,0,1
231,6,0,1
231,8,0,1
231,9,1,1
231,10,1,1
231,11,1,1
231,12,0,1
231,15,0,1
233,1,1,1
233,2,1,1
233,3,1,1
233,4,1,1
233,5,1,1
233,6,1,1
233,9,1,1
233,10,1,1
233,11,1,1
233,12,0,1
233,13,1,1
233,14,1,1
233,15,1,1
235,1,1,1
235,2,1,1
235,3,1,1
235,4,1,1
235,5,1,1
235,6,1,1
235,9,1,1
235,10,1,1
235,11,1,1
235,13,1,1
235,14,1,1
235,15,1,1
237,1,0,1
237,3,0,1
237,6,0,1
237,13,1,1
237,15,0,1
238,1,1,1
238,2,1,1
238,3,1,1
238,4,1,1
238,5,1,1
238,6,1,1
238,9,1,1
238,10,1,1
238,11,1,1
238,12,1,1
238,13,1,1
238,14,1,1
238,15,1,1
239,9,0,1
239,12,1,1
240,1,0,1
240,6,0,1
240,9,0,1
240,10,0,1
240,11,0,1
240,12,1,1
240,13,0,1
240,14,1,1
240,15,1,1
242,1,0,1
242,3,0,1
242,4,0,1
242,5,0,1
242,6,1,1
242,10,0,1
242,11,0,1
242,12,0,1
242,13,0,1
242,15,0,1
244,1,1,1
244,2,1,1
244,3,1,1
244,4,1,1
244,5,1,1
244,9,1,1
244,10,1,1
244,11,1,1
244,12,1,1
244,14,1,1
244,15,1,1
245,1,1,1
245,2,1,1
245,3,1,1
245,4,1,1
245,5,1,1
245,6,1,1
245,9,1,1
245,10,1,1
245,11,1,1
245,12,1,1
245,13,1,1
245,14,1,1
245,15,1,1
246,1,1,1
246,2,1,1
246,3,1,1
246,4,1,1
246,5,1,1
246,6,1,1
246,9,1,1
246,10,1,1
246,11,1,1
246,12,1,1
246,13,1,1
246,14,1,1
246,15,1,1
249,1,1,1
249,2,1,1
249,3,1,1
249,4,1,1
249,5,1,1
249,6,1,1
249,8,1,1
249,9,1,1
249,10,1,1
251,9,0,1
251,13,0,1
251,15,0,1
252,11,0,1
252,12,0,1
252,13,0,1
252,14,0,1
252,15,0,1
254,1,1,1
254,2,1,1
254,3,1,1
254,4,1,1
254,5,1,1
254,6,1,1
254,8,1,1
254,9,1,1
254,10,1,1
254,11,1,1
254,12,1,1
254,13,1,1
254,14,1,1
254,15,1,1
255,1,1,1
255,2,1,1
255,3,1,1
255,4,1,1
255,5,1,1
255,6,0,1
255,8,0,1
255,9,1,1
255,10,0,1
255,11,0,1
255,12,1,1
255,13,0,1
255,14,1,1
255,15,0,1
257,1,1,1
257,2,1,1
257,3,1,1
257,4,1,1
257,6,0,1
257,10,0,1
257,11,1,1
257,12,1,1
257,13,1,1
257,14,1,1
257,15,1,1
258,1,1,1
258,2,1,1
258,3,1,1
258,4,1,1
258,6,0,1
258,8,1,1
258,9,1,1
258,10,1,1
258,11,1,1
258,12,1,1
258,13,1,1
258,14,1,1
258,15,1,1
259,1,1,1
259,2,1,1
259,3,0,1
259,4,1,1
259,5,1,1
259,6,1,1
259,8,1,1
259,9,1,1
259,10,1,1
259,11,1,1
259,12,1,1
259,13,1,1
259,14,1,1
259,15,1,1
260,3,1,1
260,4,0,1
260,10,0,1
260,12,0,1
261,1,1,1
261,2,1,1
261,3,1,1
261,5,1,1
261,6,1,1
261,8,1,1
261,9,1,1
261,10,1,1
261,11,1,1
261,13,1,1
261,14,1,1
261,15,1,1
262,2,0,1
262,3,0,1
262,4,0,1
262,5,0,1
262,6,1,1
262,8,0,1
262,10,0,1
262,11,0,1
262,12,0,1
262,14,0,1
264,3,1,1
264,4,1,1
264,5,1,1
264,6,1,1
264,8,1,1
264,9,1,1
264,10,1,1
264,11,1,1
264,12,1,1
264,13,1,1
264,14,1,1
264,15,1,1
265,1,1,1
265,2,1,1
265,3,1,1
265,4,0,1
265,5,1,1
265,6,1,1
265,8,1,1
265,9,1,1
265,15,0,1
266,1,1,1
266,2,1,1
266,3,1,1
266,4,1,1
266,5,1,1
266,6,0,1
266,8,1,1
266,9,1,1
266,10,1,1
266,11,1,1
266,12,1,1
266,13,1,1
266,14,1,1
266,15,1,1
267,14,1,1
268,1,1,1
268,2,1,1
268,3,1,1
268,4,1,1
268,5,1,1
268,6,1,1
268,8,1,1
268,9,1,1
268,10,1,1
268,11,1,1
268,12,1,1
268,13,1,1
268,14,1,1
268,15,1,1
269,4,1,1
269,5,1,1
269,6,1,1
269,8,0,1
269,9,0,1
269,10,1,1
269,11,1,1
269,12,1,1
269,13,1,1
269,15,1,1
270,5,1,1
270,6,1,1
270,13,0,1
271,1,0,1
271,2,0,1
271,3,0,1
271,5,0,1
271,6,1,1
271,8,1,1
271,9,0,1
271,10,1,1
271,11,1,1
271,12,0,1
271,13,1,1
271,14,0,1
271,15,1,1
272,1,1,1
272,2,1,1
272,6,1,1
272,9,1,1
274,1,0,1
274,2,1,1
274,3,1,1
274,4,0,1
274,5,0,1
274,6,0,1
274,9,0,1
274,11,1,1
274,12,0,1
274,13,1,1
274,14,0,1
275,1,1,1
275,2,0,1
275,3,1,1
275,4,1,1
275,5,1,1
275,9,1,1
275,10,1,1
275,11,0,1
275,12,1,1
275,13,0,1
275,14,0,1
275,15,0,1
276,1,1,1
276,6,0,1
276,9,1,1
276,10,1,1
277,1,1,1
277,9,1,1
277,10,1,1
277,11,1,1
277,12,1,1
277,14,1,1
277,15,1,1
278,13,0,1
278,15,0,1
279,1,1,1
279,3,1,1
279,4,1,1
279,5,1,1
279,6,0,1
279,9,1,1
279,10,0,1
279,11,1,1
279,12,1,1
279,13,1,1
279,14,1,1
279,15,1,1
280,1,1,1
280,2,1,1
280,3,1,1
280,4,1,1
280,5,1,1
280,6,1,1
280,9,1,1
280,10,1,1
280,11,1,1
280,12,1,1
280,13,1,1
280,14,1,1
280,15,1,1
281,1,1,1
281,2,1,1
281,3,1,1
281,4,1,1
281,5,1,1
281,6,1,1
281,9,1,1
281,10,1,1
281,11,1,1
281,12,1,1
281,13,1,1
281,14,1,1
281,15,1,1
282,1,1,1
282,2,1,1
282,3,0,1
282,4,1,1
282,5,1,1
282,6,1,1
282,9,1,1
282,10,0,1
282,11,1,1
282,12,0,1
282,13,1,1
282,14,1,1
282,15,1,1
283,1,1,1
283,2,1,1
283,3,1,1
283,4,1,1
283,5,1,1
283,6,1,1
283,9,1,1
283,10,1,1
283,11,1,1
283,12,1,1
283,13,1,1
283,14,1,1
283,15,1,1
284,1,1,1
284,2,1,1
284,3,1,1
284,4,1,1
284,5,1,1
284,6,0,1
284,11,1,1
284,12,0,1
284,13,1,1
284,14,1,1
284,15,1,1
285,1,1,1
285,2,1,1
285,3,1,1
285,4,1,1
285,5,1,1
285,6,1,1
285,9,1,1
285,10,1,1
285,11,0,1
285,12,1,1
285,13,0,1
285,14,1,1
285,15,1,1
286,2,0,1
286,3,1,1
286,4,1,1
286,5,1,1
286,6,1,1
286,10,0,1
286,11,1,1
286,12,1,1
286,13,1,1
286,14,1,1
286,15,0,1
288,6,0,1
288,9,0,1
288,10,1,1
288,11,1,1
290,10,0,1
290,15,1,1
291,12,0,1
291,13,1,1
291,14,0,1
291,15,0,1
292,2,0,1
292,3,0,1
292,4,0,1
292,5,0,1
292,6,1,1
292,9,1,1
292,10,1,1
292,11,0,1
292,12,1,1
293,1,1,1
293,2,1,1
293,3,1,1
293,4,1,1
293,5,1,1
293,6,1,1
293,9,0,1
293,10,1,1
294,1,0,1
294,2,1,1
294,3,1,1
294,4,1,1
294,5,1,1
294,6,1,1
294,9,0,1
294,10,0,1
294,11,1,1
294,12,0,1
294,13,1,1
294,14,1,1
294,15,1,1
295,1,1,1
295,2,1,1
295,3,1,1
295,4,1,1
295,5,1,1
295,6,1,1
295,8,1,1
295,9,1,1
295,10,0,1
295,11,1,1
295,12,1,1
295,13,1,1
295,14,0,1
295,15,1,1
296,1,0,1
296,2,0,1
296,3,0,1
296,4,0,1
296,5,0,1
296,6,1,1
296,9,1,1
296,11,0,1
296,12,1,1
296,13,1,1
297,1,0,1
297,2,1,1
297,6,1,1
297,9,0,1
297,10,1,1
297,11,0,1
297,12,1,1
297,14,1,1
297,15,1,1
299,1,1,1
299,2,1,1
299,3,1,1
299,4,1,1
299,5,1,1
299,6,1,1
299,9,1,1
300,1,1,1
300,2,1,1
300,3,1,1
300,4,0,1
300,5,1,1
300,6,1,1
300,8,0,1
300,9,1,1
300,11,1,1
300,14,1,1
300,15,1,1
301,1,1,1
301,2,1,1
301,3,1,1
301,4,1,1
301,5,0,1
301,6,1,1
301,8,1,1
301,9,1,1
301,10,1,1
301,11,1,1
301,13,1,1
301,14,1,1
301,15,1,1
302,2,0,1
302,3,1,1
302,4,1,1
302,5,1,1
302,6,1,1
302,8,1,1
302,14,1,1
302,15,1,1
303,1,0,1
303,2,1,1
303,4,1,1
303,5,0,1
303,6,0,1
303,8,0,1
303,9,0,1
303,10,1,1
303,13,1,1
304,1,1,1
304,2,1,1
304,3,1,1
304,4,1,1
304,5,1,1
304,6,1,1
304,9,1,1
304,11,1,1
304,12,0,1
304,13,1,1
304,14,1,1
304,15,1,1
305,1,1,1
305,2,0,1
305,8,1,1
305,9,1,1
305,10,0,1
305,13,1,1
305,14,1,1
305,15,1,1
306,1,1,1
306,2,1,1
306,3,1,1
306,4,1,1
306,5,1,1
306,6,1,1
306,8,1,1
306,9,1,1
306,10,1,1
306,11,1,1
306,13,1,1
306,14,1,1
306,15,1,1
307,1,1,1
307,2,1,1
307,3,1,1
307,4,1,1
307,5,1,1
307,6,1,1
307,8,1,1
307,9,1,1
307,10,1,1
307,11,1,1
307,13,1,1
307,14,1,1
307,15,1,1
308,1,1,1
308,2,1,1
308,3,1,1
308,6,0,1
308,9,1,1
308,10,1,1
308,11,1,1
308,15,1,1
309,9,0,1
309,13,1,1
309,14,1,1
311,1,0,1
311,2,0,1
311,3,1,1
311,4,1,1
311,5,1,1
311,6,1,1
311,8,1,1
311,9,1,1
311,10,1,1
311,11,1,1
311,13,1,1
311,14,1,1
311,15,1,1
312,1,1,1
312,2,1,1
312,3,0,1
312,4,1,1
312,5,1,1
312,6,1,1
312,8,1,1
312,10,1,1
312,11,1,1
312,13,1,1
312,14,0,1
312,15,0,1
313,1,1,1
313,2,1,1
313,3,1,1
313,6,1,1
313,9,1,1
313,15,1,1
314,1,1,1
314,2,1,1
314,3,1,1
314,4,1,1
314,5,1,1
314,6,1,1
314,8,1,1
314,9,1,1
314,10,1,1
314,11,1,1
314,13,0,1
314,14,0,1
314,15,0,1
315,1,1,1
315,2,1,1
315,3,1,1
315,4,1,1
315,5,1,1
315,6,1,1
315,8,1,1
315,10,1,1
315,11,1,1
315,13,1,1
315,14,1,1
315,15,1,1
316,1,0,1
316,4,0,1
316,5,0,1
316,8,0,1
316,9,0,1
316,10,0,1
316,13,0,1
318,1,1,1
318,2,1,1
318,3,1,1
318,4,1,1
318,5,1,1
318,6,1,1
318,8,1,1
318,9,1,1
318,10,1,1
318,11,1,1
318,13,1,1
318,15,0,1
319,1,0,1
319,2,0,1
319,4,0,1
319,5,1,1
319,8,0,1
319,9,0,1
319,10,0,1
319,11,0,1
319,13,0,1
319,14,1,1
319,15,1,1
321,1,1,1
321,2,1,1
321,3,1,1
321,4,1,1
321,5,1,1
321,15,0,1
325,1,0,1
326,1,0,1
326,2,1,1
326,3,0,1
326,4,0,1
326,5,0,1
326,6,0,1
326,10,0,1
326,11,1,1
326,14,1,1
326,15,1,1
327,1,1,1
327,2,1,1
327,3,1,1
327,4,1,1
327,5,1,1
327,6,1,1
327,9,1,1
327,10,1,1
327,11,1,1
327,12,1,1
327,13,1,1
327,14,1,1
327,15,1,1
329,2,0,1
329,3,1,1
329,4,1,1
329,5,1,1
329,6,1,1
329,9,1,1
329,10,0,1
329,11,1,1
329,12,1,1
329,13,1,1
330,1,1,1
330,2,1,1
330,6,0,1
330,14,1,1
331,1,1,1
331,2,1,1
331,3,0,1
331,4,0,1
331,5,0,1
331,6,0,1
331,9,0,1
331,11,1,1
331,12,1,1
331,13,0,1
331,14,0,1
332,1,1,1
332,2,1,1
332,9,0,1
332,10,1,1
332,11,1,1
332,12,1,1
332,13,1,1
332,14,1,1
332,15,1,1
333,1,1,1
333,2,1,1
333,3,1,1
333,4,1,1
333,5,1,1
333,6,1,1
333,9,1,1
333,10,1,1
333,11,1,1
333,12,1,1
333,13,1,1
333,14,1,1
335,1,1,1
335,2,1,1
335,3,1,1
335,4,1,1
335,5,1,1
335,6,1,1
335,9,1,1
335,10,1,1
335,11,0,1
335,12,1,1
335,13,1,1
335,14,1,1
335,15,1,1
336,1,0,1
336,2,0,1
336,3,0,1
336,15,1,1
337,9,0,1
337,10,1,1
337,13,0,1
337,15,1,1
338,1,1,1
338,2,0,1
338,3,1,1
338,4,1,1
338,5,1,1
338,6,1,1
338,9,1,1
338,10,0,1
338,12,0,1
338,13,0,1
338,14,0,1
340,1,1,1
340,2,1,1
340,3,1,1
340,4,1,1
340,5,1,1
340,6,1,1
340,9,1,1
340,11,1,1
340,12,1,1
340,13,1,1
341,3,0,1
342,1,1,1
342,2,1,1
342,3,1,1
342,4,1,1
342,5,1,1
342,6,1,1
342,9,1,1
342,10,1,1
342,11,1,1
342,12,1,1
342,13,1,1
342,14,1,1
342,15,1,1
344,1,0,1
344,2,0,1
344,3,1,1
344,4,1,1
344,5,1,1
344,12,0,1
344,13,0,1
344,14,1,1
344,15,0,1
345,3,0,1
345,9,0,1
345,10,1,1
345,15,0,1
346,1,1,1
346,2,1,1
346,3,1,1
346,4,1,1
346,5,1,1
346,6,1,1
346,8,1,1
346,9,1,1
346,10,1,1
346,11,1,1
346,12,1,1
346,13,1,1
346,14,1,1
346,15,1,1
349,13,0,1
349,14,0,1
349,15,0,1
350,4,0,1
354,1,0,1
354,2,0,1
354,3,0,1
354,4,1,1
354,5,0,1
354,6,0,1
354,8,0,1
354,10,0,1
354,11,0,1
354,12,0,1
354,13,0,1
354,14,0,1
354,15,0,1
356,1,1,1
356,2,1,1
356,3,1,1
356,9,1,1
356,10,1,1
356,11,1,1
356,12,1,1
356,13,1,1
356,14,1,1
356,15,1,1
357,1,1,1
357,2,1,1
357,3,1,1
357,4,1,1
357,5,1,1
357,6,1,1
357,8,1,1
357,9,1,1
357,10,1,1
357,11,1,1
357,12,1,1
357,13,1,1
357,14,1,1
357,15,1,1
358,1,1,1
358,2,1,1
358,3,1,1
358,4,1,1
358,5,1,1
358,6,0,1
358,8,1,1
358,9,1,1
358,10,1,1
358,11,1,1
358,12,1,1
358,13,1,1
358,14,1,1
358,15,1,1
359,1,0,1
359,4,0,1
359,5,1,1
359,6,1,1
359,8,1,1
359,9,0,1
359,11,0,1
359,12,0,1
360,5,1,1
360,9,0,1
360,11,0,1
360,14,0,1
363,15,0,1
364,3,0,1
365,1,0,1
365,2,0,1
365,3,0,1
365,4,0,1
365,5,0,1
365,6,0,1
365,8,0,1
365,9,1,1
365,10,1,1
365,11,1,1
365,12,1,1
365,13,0,1
365,14,0,1
365,15,1,1
366,1,1,1
366,2,1,1
366,3,1,1
366,4,1,1
366,6,1,1
366,8,1,1
366,9,1,1
366,10,1,1
366,11,1,1
366,12,1,1
366,13,1,1
366,14,1,1
366,15,1,1
367,1,1,1
367,4,0,1
367,5,1,1
367,6,1,1
367,8,1,1
367,9,0,1
367,10,0,1
367,11,0,1
367,14,0,1
368,1,1,1
368,2,1,1
368,3,1,1
368,4,1,1
368,10,0,1
368,14,0,1
368,15,0,1
369,1,1,1
369,2,1,1
369,3,1,1
369,4,1,1
369,5,1,1
369,6,1,1
369,8,1,1
369,9,1,1
369,10,1,1
369,11,1,1
369,12,1,1
369,13,1,1
369,14,1,1
369,15,1,1
370,1,0,1
370,2,0,1
370,3,0,1
370,4,1,1
370,5,1,1
370,6,1,1
370,8,0,1
370,9,1,1
370,10,1,1
370,11,1,1
370,12,1,1
370,13,1,1
370,14,1,1
370,15,1,1
371,1,1,1
371,2,1,1
371,3,1,1
371,4,1,1
371,5,1,1
371,6,1,1
371,8,1,1
371,10,0,1
371,11,1,1
371,12,1,1
371,13,1,1
371,14,1,1
372,9,0,1
373,1,1,1
373,2,1,1
373,3,1,1
373,4,1,1
373,5,1,1
373,6,1,1
373,8,1,1
373,9,1,1
373,10,1,1
373,11,0,1
373,12,0,1
373,13,1,1
373,14,1,1
373,15,1,1
374,1,1,1
374,2,1,1
374,3,1,1
374,8,1,1
374,9,1,1
374,10,1,1
374,11,1,1
374,12,1,1
374,13,1,1
374,14,1,1
374,15,1,1
376,1,1,1
376,2,1,1
376,3,1,1
376,4,1,1
376,5,1,1
376,6,1,1
376,8,1,1
376,9,1,1
376,10,1,1
376,11,1,1
376,12,1,1
376,13,1,1
376,14,1,1
376,15,1,1
377,1,0,1
377,2,1,1
377,3,1,1
377,4,1,1
377,6,1,1
377,9,1,1
377,10,1,1
377,11,1,1
377,12,1,1
377,13,1,1
377,14,1,1
377,15,1,1
379,2,0,1
379,3,1,1
379,4,1,1
379,6,1,1
379,8,1,1
379,9,1,1
379,10,1,1
379,11,1,1
379,12,1,1
379,13,1,1
379,14,1,1
379,15,1,1
381,1,1,1
381,5,0,1
381,6,0,1
383,2,0,1
385,1,1,1
385,2,1,1
385,3,1,1
385,4,1,1
385,5,1,1
385,6,1,1
385,8,1,1
385,9,1,1
385,10,1,1
385,11,1,1
385,12,1,1
385,13,1,1
385,14,1,1
385,15,1,1
387,3,0,1
387,4,1,1
387,5,1,1
387,6,1,1
387,8,1,1
387,9,0,1
387,10,1,1
387,11,1,1
387,12,1,1
387,13,1,1
387,14,1,1
387,15,1,1
388,1,1,1
388,2,1,1
388,3,1,1
388,4,1,1
388,5,1,1
388,6,1,1
388,8,0,1
388,12,0,1
388,13,0,1
388,14,0,1
391,1,1,1
391,2,0,1
391,4,0,1
391,8,0,1
391,10,0,1
391,11,0,1
391,15,0,1
394,1,1,1
394,2,1,1
394,3,1,1
394,4,1,1
394,5,1,1
394,6,1,1
394,8,1,1
394,9,1,1
394,10,1,1
394,11,1,1
394,12,1,1
394,13,0,1
394,14,0,1
394,15,1,1
395,1,0,1
397,1,0,1
397,2,1,1
397,3,1,1
397,4,0,1
397,5,0,1
397,6,0,1
397,8,1,1
397,9,1,1
397,11,0,1
397,12,0,1
397,13,1,1
397,14,1,1
397,15,0,1
398,1,1,1
398,2,1,1
398,3,1,1
398,4,1,1
398,5,1,1
398,6,1,1
398,8,1,1
398,9,1,1
398,10,1,1
398,11,1,1
398,12,1,1
398,13,1,1
398,14,1,1
398,15,1,1
399,5,0,1
399,12,0,1
400,13,0,1
400,15,1,1
402,1,1,1
403,1,0,1
404,1,0,1
404,2,0,1
404,8,0,1
404,14,0,1
405,1,0,1
405,2,1,1
405,3,0,1
405,4,0,1
405,6,0,1
405,8,0,1
405,9,1,1
405,10,1,1
405,11,0,1
405,12,0,1
405,13,1,1
405,14,1,1
405,15,1,1
406,2,1,1
406,3,1,1
406,4,1,1
406,5,1,1
406,6,1,1
406,8,1,1
406,9,0,1
406,10,0,1
406,11,1,1
406,12,1,1
406,13,1,1
406,14,1,1
406,15,1,1
407,1,1,1
407,2,1,1
407,3,1,1
407,4,1,1
407,5,1,1
407,6,1,1
407,8,1,1
407,9,1,1
407,10,1,1
407,11,1,1
407,12,1,1
407,13,1,1
407,14,1,1
407,15,1,1
408,1,1,1
408,2,0,1
408,3,1,1
408,4,1,1
408,5,1,1
408,6,1,1
408,8,1,1
408,9,0,1
408,10,1,1
408,11,1,1
408,12,1,1
408,13,1,1
408,15,0,1
409,1,1,1
409,2,1,1
409,3,1,1
409,4,1,1
409,5,1,1
409,6,1,1
409,8,1,1
409,9,1,1
409,10,1,1
409,11,1,1
409,12,1,1
410,1,1,1
410,2,1,1
410,9,0,1
410,12,1,1
411,2,1,1
411,3,0,1
411,4,1,1
411,5,1,1
411,6,1,1
411,8,1,1
411,9,1,1
411,10,1,1
411,11,1,1
411,12,1,1
411,13,0,1
411,14,1,1
411,15,1,1
413,3,0,1
413,4,0,1
413,5,0,1
413,12,0,1
413,13,1,1
413,14,1,1
414,1,1,1
416,1,0,1
416,5,1,1
416,6,1,1
416,8,1,1
416,10,1,1
416,11,0,1
416,12,0,1
416,13,1,1
416,14,1,1
417,1,0,1
417,4,0,1
417,5,1,1
417,6,1,1
417,8,1,1
417,9,0,1
417,10,1,1
417,11,1,1
417,12,1,1
417,13,1,1
417,14,1,1
417,15,1,1
418,1,1,1
418,2,1,1
418,3,1,1
418,4,1,1
418,5,0,1
418,6,0,1
418,8,1,1
418,10,0,1
418,12,0,1
418,14,0,1
420,1,1,1
420,2,1,1
420,3,1,1
420,4,1,1
420,5,1,1
420,6,1,1
420,8,1,1
420,10,1,1
420,11,1,1
420,12,1,1
420,13,1,1
420,14,1,1
420,15,1,1
422,1,1,1
422,2,1,1
422,3,1,1
422,4,1,1
422,5,1,1
422,6,1,1
422,8,1,1
422,9,1,1
422,10,1,1
422,11,1,1
422,12,1,1
422,13,1,1
422,14,1,1
422,15,1,1
423,2,1,1
423,3,1,1
423,4,1,1
423,5,1,1
423,6,1,1
423,8,1,1
423,9,1,1
423,10,1,1
423,11,1,1
423,15,1,1
425,1,1,1
425,2,1,1
425,3,1,1
425,4,1,1
425,5,1,1
425,6,1,1
425,8,1,1
425,9,1,1
425,10,1,1
425,11,1,1
425,12,1,1
425,13,1,1
425,14,1,1
425,15,1,1
427,1,1,1
427,2,1,1
427,3,1,1
427,4,1,1
427,5,1,1
427,6,1,1
427,8,1,1
427,9,1,1
427,10,1,1
427,11,1,1
427,12,1,1
427,13,1,1
427,14,1,1
427,15,1,1
428,1,1,1
428,2,1,1
428,3,1,1
428,4,1,1
428,5,1,1
428,6,1,1
428,8,0,1
428,9,1,1
428,10,1,1
428,11,1,1
428,12,1,1
428,13,1,1
428,14,1,1
429,1,0,1
429,9,0,1
429,10,1,1
429,11,1,1
429,12,1,1
429,13,0,1
429,15,0,1
430,1,1,1
430,2,1,1
430,3,1,1
430,4,1,1
430,5,1,1
430,6,1,1
430,8,1,1
430,9,1,1
430,10,1,1
430,11,1,1
430,12,1,1
430,13,1,1
430,14,0,1
430,15,1,1
431,1,0,1
431,2,0,1
431,11,0,1
431,12,0,1
431,13,0,1
431,14,0,1
431,15,0,1
432,1,1,1
432,2,1,1
432,3,1,1
432,4,1,1
432,5,1,1
432,10,1,1
432,11,1,1
432,12,1,1
432,13,0,1
432,14,1,1
432,15,1,1
433,1,1,1
433,2,1,1
433,3,1,1
433,4,1,1
433,5,1,1
433,6,1,1
433,8,1,1
433,9,1,1
433,10,1,1
433,11,1,1
433,12,1,1
433,14,1,1
433,15,1,1
435,3,1,1
435,4,1,1
435,5,1,1
435,8,1,1
435,9,0,1
435,11,0,1
435,12,0,1
435,13,1,1
435,14,1,1
436,1,1,1
436,2,1,1
436,3,0,1
436,4,0,1
436,6,1,1
436,8,1,1
436,9,0,1
436,10,1,1
436,12,0,1
436,13,1,1
436,14,1,1
436,15,1,1
440,1,1,1
440,2,1,1
440,3,1,1
440,4,1,1
440,6,1,1
440,8,1,1
440,9,1,1
440,10,1,1
440,11,1,1
440,12,1,1
440,13,1,1
440,14,0,1
440,15,1,1
441,9,0,1
441,10,0,1
441,11,0,1
441,12,0,1
441,13,1,1
441,14,1,1
443,1,1,1
443,2,1,1
443,6,1,1
443,8,0,1
443,9,1,1
443,10,1,1
443,11,1,1
443,12,1,1
444,1,0,1
444,2,0,1
444,3,0,1
444,4,0,1
444,5,1,1
444,8,0,1
444,9,0,1
444,10,1,1
444,11,0,1
444,12,1,1
444,13,1,1
444,14,1,1
444,15,1,1
445,1,1,1
445,2,1,1
445,3,1,1
445,4,1,1
445,5,1,1
445,6,1,1
445,8,0,1
445,9,1,1
445,13,1,1
445,14,1,1
445,15,1,1
446,1,1,1
446,2,1,1
446,3,1,1
446,4,1,1
446,5,1,1
446,6,0,1
446,8,1,1
446,15,0,1
448,1,0,1
448,2,0,1
448,3,1,1
448,4,1,1
448,5,1,1
448,6,0,1
448,8,1,1
448,9,1,1
448,10,0,1
448,11,1,1
448,12,1,1
448,13,0,1
448,14,0,1
448,15,1,1
454,2,0,1
454,3,0,1
454,4,0,1
454,5,0,1
454,6,1,1
454,8,1,1
454,9,1,1
454,10,0,1
454,11,1,1
455,1,1,1
455,2,1,1
455,3,1,1
455,4,1,1
455,5,1,1
455,6,1,1
455,8,1,1
455,9,1,1
455,10,1,1
455,11,1,1
455,12,1,1
455,13,1,1
455,14,1,1
455,15,1,1
456,5,0,1
456,6,0,1
457,1,1,1
457,2,1,1
457,3,1,1
457,4,1,1
457,5,1,1
457,8,1,1
457,9,1,1
457,10,1,1
457,11,1,1
457,12,1,1
457,13,1,1
457,14,1,1
457,15,1,1
458,1,1,1
458,2,1,1
458,3,1,1
458,4,0,1
458,5,1,1
458,6,1,1
458,8,1,1
458,9,0,1
458,10,0,1
458,11,0,1
458,12,0,1
458,13,0,1
458,14,0,1
458,15,0,1
459,9,1,1
459,10,1,1
459,14,1,1
459,15,1,1
460,1,1,1
460,2,0,1
460,3,0,1
460,11,0,1
460,15,0,1
461,1,1,1
461,2,1,1
461,3,1,1
461,4,1,1
461,5,1,1
461,6,1,1
461,8,1,1
461,9,1,1
461,10,1,1
461,12,1,1
461,13,1,1
461,14,1,1
461,15,1,1
463,1,1,1
463,2,1,1
463,3,1,1
463,4,0,1
463,5,1,1
463,6,1,1
463,8,1,1
463,11,1,1
463,13,0,1
464,1,0,1
464,2,1,1
464,3,1,1
464,4,0,1
464,5,1,1
464,6,0,1
464,8,0,1
464,11,0,1
464,12,0,1
464,13,1,1
464,14,1,1
464,15,1,1
465,1,1,1
465,2,1,1
465,3,1,1
465,4,1,1
465,5,1,1
465,6,1,1
465,8,1,1
465,9,1,1
465,10,1,1
465,11,1,1
465,12,1,1
465,13,1,1
465,14,1,1
465,15,1,1
467,1,1,1
467,2,1,1
467,3,1,1
467,4,1,1
467,5,1,1
467,6,1,1
467,8,1,1
467,9,1,1
467,10,1,1
467,11,1,1
467,12,1,1
467,13,1,1
467,14,1,1
467,15,1,1
468,1,1,1
468,2,1,1
468,3,1,1
468,4,1,1
468,5,1,1
468,6,1,1
468,8,1,1
468,9,1,1
468,10,1,1
468,11,1,1
468,12,1,1
468,13,1,1
468,14,1,1
468,15,1,1
469,1,1,1
469,2,1,1
469,3,1,1
469,4,1,1
469,5,1,1
469,6,1,1
469,8,1,1
469,9,0,1
469,10,1,1
469,12,1,1
469,13,0,1
469,14,0,1
469,15,0,1
470,4,0,1
470,8,1,1
470,9,0,1
470,11,1,1
470,12,1,1
470,14,1,1
470,15,1,1
471,1,1,1
471,2,1,1
471,3,0,1
471,4,1,1
471,11,1,1
471,12,1,1
471,13,1,1
473,1,0,1
473,14,0,1
474,8,1,1
475,2,1,1
475,3,1,1
475,4,1,1
475,5,1,1
475,6,1,1
475,8,1,1
475,9,1,1
475,10,1,1
475,11,1,1
475,12,1,1
475,13,1,1
475,14,1,1
475,15,1,1
476,3,0,1
476,4,1,1
476,5,1,1
477,1,1,1
477,2,1,1
477,3,1,1
477,4,1,1
477,5,1,1
477,6,1,1
477,8,1,1
477,9,1,1
477,10,1,1
477,11,1,1
477,13,1,1
477,15,0,1
478,1,1,1
478,2,1,1
478,3,1,1
478,4,1,1
478,5,1,1
478,6,1,1
478,8,1,1
478,9,1,1
478,10,1,1
478,11,1,1
478,12,1,1
478,13,1,1
478,14,1,1
478,15,1,1
479,1,1,1
479,2,1,1
479,3,0,1
479,4,0,1
479,8,0,1
479,10,0,1
479,11,0,1
479,12,0,1
479,13,1,1
479,14,1,1
479,15,1,1
480,1,1,1
480,2,1,1
480,3,1,1
480,4,1,1
480,5,1,1
480,6,1,1
480,8,1,1
480,9,1,1
480,11,1,1
480,12,1,1
480,13,1,1
480,14,1,1
480,15,1,1
481,1,1,1
481,2,1,1
481,3,0,1
481,4,0,1
481,6,0,1
481,8,0,1
481,10,0,1
481,11,0,1
481,12,0,1
481,13,0,1
481,15,1,1
482,2,0,1
482,3,0,1
482,4,1,1
482,5,1,1
482,8,0,1
482,9,1,1
482,10,1,1
482,11,0,1
482,12,1,1
482,13,0,1
482,14,1,1
482,15,1,1
483,1,1,1
483,2,1,1
483,3,1,1
483,4,0,1
483,5,0,1
483,6,1,1
483,8,1,1
483,9,1,1
483,10,1,1
483,11,1,1
483,12,1,1
483,13,1,1
483,14,1,1
483,15,1,1
484,1,1,1
484,2,1,1
484,3,1,1
484,4,1,1
484,5,1,1
484,6,1,1
484,8,1,1
484,9,1,1
484,10,1,1
484,11,1,1
484,12,1,1
484,13,1,1
484,14,1,1
484,15,1,1
486,1,1,1
486,2,1,1
486,3,1,1
486,4,1,1
486,5,1,1
486,6,1,1
486,8,1,1
486,9,1,1
487,1,1,1
487,2,1,1
487,3,1,1
487,5,0,1
487,6,1,1
487,8,1,1
487,9,1,1
487,10,0,1
487,11,1,1
487,15,0,1
489,10,1,1
489,11,1,1
491,2,0,1
491,3,0,1
491,5,0,1
491,6,0,1
491,9,0,1
491,10,1,1
491,11,1,1
491,12,1,1
491,13,1,1
491,14,1,1
491,15,0,1
493,1,1,1
493,2,1,1
493,3,0,1
493,4,1,1
493,5,1,1
493,6,1,1
493,8,1,1
493,9,1,1
493,10,1,1
493,11,1,1
493,12,1,1
493,13,1,1
493,14,1,1
493,15,1,1
501,2,1,1
503,3,1,1
503,4,1,1
503,5,1,1
503,6,1,1
503,8,1,1
503,9,1,1
503,10,1,1
503,11,1,1
503,12,0,1
503,13,1,1
503,14,0,1
503,15,1,1
504,1,0,1
504,2,0,1
504,3,1,1
504,4,1,1
504,5,1,1
504,6,1,1
504,9,1,1
504,15,0,1
505,12,0,1
505,15,0,1
506,1,1,1
506,2,1,1
506,3,1,1
506,4,1,1
506,5,1,1
506,6,1,1
506,9,1,1
506,10,1,1
506,11,1,1
506,12,1,1
506,14,1,1
506,15,1,1
507,1,1,1
507,2,1,1
508,2,0,1
508,3,0,1
508,4,0,1
508,5,1,1
508,6,1,1
508,9,1,1
508,11,1,1
508,12,1,1
508,13,1,1
509,1,0,1
509,10,0,1
509,12,1,1
509,13,1,1
509,14,1,1
509,15,0,1
510,1,1,1
510,2,1,1
510,3,1,1
510,4,1,1
510,5,1,1
510,6,1,1
510,8,1,1
510,9,0,1
510,10,1,1
512,1,1,1
512,2,0,1
512,3,1,1
512,4,1,1
512,5,0,1
512,6,1,1
512,8,0,1
512,9,1,1
512,10,1,1
512,11,1,1
512,12,1,1
512,13,1,1
512,14,1,1
512,15,0,1
513,1,0,1
513,6,1,1
513,8,1,1
513,9,1,1
513,13,1,1
513,14,1,1
513,15,1,1
514,1,1,1
514,2,1,1
514,3,1,1
514,4,1,1
514,5,1,1
514,6,1,1
514,9,1,1
514,10,1,1
514,11,1,1
514,12,1,1
514,15,1,1
515,1,0,1
515,3,0,1
515,4,0,1
515,5,1,1
515,6,1,1
515,14,0,1
515,15,1,1
516,1,1,1
516,2,1,1
516,3,1,1
516,4,1,1
516,5,1,1
516,6,1,1
516,8,1,1
516,12,1,1
516,13,1,1
516,14,1,1
516,15,1,1
519,1,1,1
519,2,1,1
519,3,1,1
519,4,1,1
519,5,1,1
519,6,1,1
519,9,1,1
519,10,1,1
519,12,0,1
519,13,1,1
519,14,1,1
519,15,1,1
520,1,1,1
520,2,1,1
520,3,1,1
520,5,1,1
520,6,1,1
520,10,1,1
520,11,0,1
520,12,1,1
521,2,0,1
522,4,0,1
522,11,0,1
522,12,0,1
523,1,1,1
523,2,1,1
523,3,1,1
523,4,1,1
523,5,0,1
523,10,1,1
523,11,1,1
523,12,0,1
524,1,1,1
524,2,1,1
524,3,1,1
524,4,1,1
524,5,1,1
524,8,0,1
524,9,1,1
524,10,0,1
524,14,0,1
524,15,0,1
525,9,1,1
526,1,1,1
526,2,1,1
526,3,1,1
526,4,1,1
526,5,1,1
526,6,1,1
526,8,1,1
526,9,1,1
526,10,1,1
526,11,1,1
526,12,1,1
526,14,1,1
526,15,1,1
527,1,1,1
527,2,1,1
527,3,1,1
527,4,1,1
527,6,1,1
527,8,0,1
527,9,1,1
527,11,0,1
527,12,1,1
527,13,1,1
527,14,1,1
527,15,0,1
528,2,0,1
528,3,1,1
528,4,0,1
528,6,0,1
528,8,0,1
528,9,1,1
528,10,0,1
528,11,0,1
528,14,0,1
529,1,0,1
529,2,0,1
529,3,0,1
529,4,1,1
529,8,0,1
529,9,1,1
529,10,1,1
529,11,1,1
529,12,1,1
529,13,1,1
529,14,1,1
529,15,1,1
530,2,0,1
530,3,0,1
530,4,0,1
531,1,0,1
531,4,0,1
532,2,0,1
532,3,0,1
532,4,0,1
532,6,0,1
532,9,1,1
532,15,0,1
533,1,1,1
533,2,1,1
533,3,1,1
533,4,1,1
533,5,1,1
533,6,1,1
533,9,1,1
533,10,1,1
533,11,1,1
533,12,1,1
533,13,1,1
533,14,1,1
533,15,1,1
534,1,1,1
534,2,1,1
534,3,0,1
534,4,1,1
534,5,1,1
534,6,0,1
534,8,0,1
534,9,1,1
534,10,0,1
534,11,1,1
534,12,0,1
534,13,0,1
534,14,0,1
534,15,1,1
535,1,1,1
535,2,1,1
535,3,1,1
535,4,1,1
535,5,1,1
535,6,1,1
535,8,1,1
535,9,1,1
535,10,1,1
535,11,1,1
535,12,1,1
535,13,1,1
535,14,1,1
535,15,1,1
536,1,0,1
536,2,1,1
536,3,1,1
536,9,0,1
536,11,0,1
536,12,1,1
536,13,0,1
538,2,0,1
538,6,0,1
538,8,1,1
538,9,1,1
538,10,1,1
538,11,1,1
538,12,1,1
538,13,1,1
538,14,1,1
538,15,0,1
541,1,0,1
544,4,0,1
545,4,1,1
545,5,0,1
545,6,1,1
545,8,0,1
545,9,0,1
545,10,0,1
545,11,1,1
546,12,0,1
546,15,0,1
547,6,1,1
549,2,0,1
549,4,1,1
549,9,0,1
549,11,0,1
549,12,1,1
549,13,0,1
552,4,0,1
552,5,0,1
552,6,0,1
552,9,0,1
552,10,0,1
552,12,0,1
552,15,0,1
554,14,0,1
556,1,0,1
558,11,0,1
558,12,1,1
558,13,1,1
558,14,1,1
558,15,1,1
559,1,0,1
559,4,0,1
562,1,0,1
564,4,0,1
566,10,0,1
566,11,0,1
566,12,0,1
567,15,0,1
568,1,0,1
568,8,0,1
568,9,0,1
568,10,0,1
568,13,0,1
569,1,0,1
569,15,1,1
570,10,0,1
570,11,0,1
570,12,0,1
570,13,0,1
570,14,0,1
570,15,0,1
573,2,0,1
573,5,0,1
573,10,0,1
574,5,1,1
574,6,1,1
574,8,1,1
574,9,1,1
574,10,1,1
574,11,1,1
574,12,1,1
574,13,1,1
575,2,0,1
575,3,0,1
575,6,0,1
575,8,0,1
575,9,1,1
576,2,0,1
576,3,1,1
576,4,1,1
576,8,1,1
576,9,1,1
576,10,1,1
576,11,1,1
576,12,1,1
576,13,1,1
576,14,1,1
576,15,1,1
577,2,0,1
577,3,0,1
577,4,1,1
577,5,1,1
577,6,1,1
577,8,1,1
577,9,1,1
577,10,1,1
577,11,1,1
577,12,1,1
577,13,1,1
577,14,1,1
577,15,1,1
579,2,0,1
579,3,1,1
579,4,1,1
579,5,1,1
579,6,0,1
579,8,1,1
579,9,1,1
579,10,1,1
579,12,0,1
579,14,0,1
579,15,1,1
580,4,0,1
580,5,0,1
580,6,0,1
580,8,0,1
580,9,1,1
580,10,0,1
580,13,0,1
580,14,0,1
580,15,0,1
582,4,0,1
582,5,1,1
582,8,1,1
582,9,0,1
582,10,1,1
582,11,1,1
582,12,1,1
582,13,1,1
582,14,1,1
582,15,1,1
583,3,0,1
583,4,0,1
583,5,1,1
583,6,1,1
583,9,1,1
583,10,1,1
583,11,1,1
583,12,0,1
583,13,1,1
583,14,1,1
583,15,1,1
584,4,0,1
585,4,0,1
585,5,0,1
585,6,0,1
585,8,0,1
585,9,0,1
585,10,1,1
585,11,1,1
585,14,0,1
585,15,1,1
586,3,0,1
586,4,1,1
586,5,1,1
586,6,0,1
586,9,1,1
586,10,1,1
586,11,1,1
586,13,0,1
586,14,1,1
586,15,1,1
587,4,0,1
587,5,0,1
587,8,0,1
587,9,0,1
587,10,0,1
588,3,1,1
588,4,1,1
588,5,1,1
588,6,1,1
588,8,1,1
588,9,1,1
588,10,1,1
588,11,1,1
588,12,1,1
588,13,1,1
588,14,1,1
588,15,1,1
589,3,1,1
589,4,1,1
589,5,1,1
589,6,1,1
589,8,1,1
589,9,1,1
589,10,1,1
589,11,1,1
589,12,1,1
589,13,1,1
589,14,1,1
593,4,0,1
593,5,0,1
593,6,0,1
593,9,0,1
593,10,1,1
593,11,1,1
593,12,1,1
593,13,1,1
593,14,1,1
593,15,1,1
594,5,1,1
594,6,1,1
594,8,1,1
595,4,1,1
595,5,1,1
595,6,0,1
595,9,0,1
595,12,1,1
595,13,1,1
595,15,0,1
598,4,0,1
602,5,1,1
602,6,1,1
602,8,1,1
602,9,1,1
602,13,0,1
602,14,1,1
603,5,0,1
603,6,1,1
603,8,1,1
603,9,1,1
603,10,1,1
603,11,1,1
603,15,1,1
608,6,1,1
609,6,1,1
609,9,1,1
609,10,1,1
609,11,1,1
609,12,1,1
609,13,1,1
610,8,1,1
610,9,1,1
610,10,1,1
610,11,1,1
610,13,1,1
610,14,1,1
610,15,1,1
611,6,0,1
611,8,1,1
611,9,1,1
611,10,1,1
611,11,1,1
611,12,1,1
611,13,1,1
611,14,1,1
611,15,1,1
612,8,1,1
612,9,1,1
612,10,1,1
612,11,1,1
612,12,1,1
612,13,1,1
612,14,1,1
612,15,1,1
613,9,1,1
614,6,0,1
614,8,1,1
614,11,0,1
614,12,1,1
614,13,1,1
614,14,1,1
614,15,1,1
617,9,1,1
617,11,1,1
617,12,0,1
617,13,1,1
617,14,0,1
617,15,1,1
618,6,0,1
618,8,0,1
618,9,0,1
618,10,1,1
618,11,0,1
618,12,0,1
618,13,0,1
618,15,1,1
619,14,0,1
619,15,0,1
622,8,0,1
622,9,1,1
622,10,0,1
622,12,0,1
622,15,1,1
623,9,1,1
623,11,0,1
623,12,1,1
623,13,1,1
623,14,1,1
623,15,0,1
624,6,0,1
624,8,0,1
624,9,0,1
624,11,0,1
624,13,0,1
624,14,0,1
624,15,0,1
625,9,0,1
625,10,1,1
625,11,1,1
625,12,1,1
625,13,1,1
625,14,1,1
628,9,0,1
628,10,1,1
628,12,1,1
628,13,1,1
628,14,1,1
628,15,1,1
629,8,0,1
629,9,0,1
629,11,0,1
629,12,1,1
629,13,0,1
629,14,1,1
629,15,1,1
630,8,0,1
