sweep,run_id,variant,variant_index,is_baseline,season,prior_season,start_gw,weeks,bank_up_to,infeasible,policy_points,hold_points,moves,hits,policy_per_gw,hold_per_gw,frozen_points,frozen_per_gw,frozen_captain_points,frozen_captain_per_gw,weekly_points,weekly_per_gw,hold_fixedcap_points,hold_fixedcap_per_gw,hold_nocap_points,hold_nocap_per_gw,bench_boost_gw,bench_boost_pts,triple_captain_gw,triple_captain_pts,bench_boost_oracle_gw,bench_boost_oracle_pts,bench_boost_median_pts,bench_boost_threshold_pts,bench_boost_bar_pts,triple_captain_oracle_gw,triple_captain_oracle_pts,triple_captain_median_pts,triple_captain_threshold_pts,triple_captain_bar_pts,hold_xpoints,hold_xpoints_per_gw,policy_xpoints,policy_xpoints_per_gw,setting,min_expected_minutes,squad_hash,oracle,oracle_kind
bandstrength#1,1786887667-1898223,band_strength 0 — FPL's blended FDR alone (ships),0,true,2020-21,2019-20,1,38,5,false,2155,1711,39,3,56.71052631578947,45.026315789473685,,,,,,,1711,45.026315789473685,1471,38.71052631578947,0,0,0,0,,,,,,,,,,,1726.4583824322613,45.43311532716477,2188.5815940094153,57.59425247393198,0,55,2aadee614ec1,-,none
bandstrength#1,1786887667-1898223,band_strength 0 — FPL's blended FDR alone (ships),0,true,2021-22,2020-21,1,38,5,false,2276,1942,42,6,59.89473684210526,51.10526315789474,,,,,,,1987,52.28947368421053,1692,44.526315789473685,0,0,0,0,,,,,,,,,,,1931.8732187563267,50.83876891464018,2318.2824043041855,61.00743169221541,0,55,2ee4dc9e44a7,-,none
bandstrength#1,1786887667-1898223,band_strength 0 — FPL's blended FDR alone (ships),0,true,2022-23,2021-22,1,38,5,false,2052,1842,38,2,54,48.473684210526315,,,,,,,1845,48.55263157894737,1582,41.63157894736842,0,0,0,0,,,,,,,,,,,1851.9591496843016,48.73576709695531,2051.4569917522686,53.985710309270225,0,55,fe5b3efc1102,-,none
bandstrength#1,1786887667-1898223,band_strength 0 — FPL's blended FDR alone (ships),0,true,2023-24,2022-23,1,38,5,false,2233,1809,37,1,58.76315789473684,47.60526315789474,,,,,,,1780,46.8421052631579,1569,41.28947368421053,0,0,0,0,,,,,,,,,,,1848.0006352101223,48.63159566342427,2270.390802539268,59.747126382612315,0,55,7df5f95f1759,-,none
bandstrength#1,1786887667-1898223,band_strength 0 — FPL's blended FDR alone (ships),0,true,2024-25,2023-24,1,38,5,false,2218,1847,35,2,58.36842105263158,48.60526315789474,,,,,,,1825,48.026315789473685,1643,43.23684210526316,0,0,0,0,,,,,,,,,,,1917.9934896667921,50.47351288596821,2257.0086271970167,59.394963873605704,0,55,5062709cbae7,-,none
bandstrength#1,1786887667-1898223,band_strength 0 — FPL's blended FDR alone (ships),0,true,2025-26,2024-25,1,38,5,false,2134,1514,36,2,56.1578947368421,39.8421052631579,,,,,,,1529,40.23684210526316,1375,36.18421052631579,0,0,0,0,,,,,,,,,,,1575.5209560031244,41.46107778955591,2070.0485073138693,54.474960718786036,0,55,cdb305de770a,-,none
bandstrength#1,1786887667-1898223,band_strength 0 — FPL's blended FDR alone (ships),0,true,2020-21,2019-20,6,33,5,false,1798,1634,36,5,54.484848484848484,49.515151515151516,,,,,,,1633,49.484848484848484,1447,43.84848484848485,0,0,0,0,,,,,,,,,,,1723.6416745105214,52.231565894258225,1878.3264792204197,56.918984218800595,0,55,347628e26f13,-,none
bandstrength#1,1786887667-1898223,band_strength 0 — FPL's blended FDR alone (ships),0,true,2021-22,2020-21,6,33,5,false,1851,1513,36,5,56.09090909090909,45.84848484848485,,,,,,,1536,46.54545454545455,1291,39.121212121212125,0,0,0,0,,,,,,,,,,,1628.429639039166,49.346352698156544,1960.9044822522337,59.42134794703738,0,55,eb89dd66c059,-,none
bandstrength#1,1786887667-1898223,band_strength 0 — FPL's blended FDR alone (ships),0,true,2022-23,2021-22,6,33,5,false,1809,1563,31,1,54.81818181818182,47.36363636363637,,,,,,,1512,45.81818181818182,1384,41.93939393939394,0,0,0,0,,,,,,,,,,,1558.52870829949,47.22814267574212,1820.9320173618992,55.179758101875734,0,55,1319d3d56d73,-,none
bandstrength#1,1786887667-1898223,band_strength 0 — FPL's blended FDR alone (ships),0,true,2023-24,2022-23,6,33,5,false,2077,1662,33,2,62.93939393939394,50.36363636363637,,,,,,,1635,49.54545454545455,1417,42.93939393939394,0,0,0,0,,,,,,,,,,,1658.4344757989352,50.25559017572531,2049.623500314471,62.10980303983246,0,55,e4d98525659c,-,none
bandstrength#1,1786887667-1898223,band_strength 0 — FPL's blended FDR alone (ships),0,true,2024-25,2023-24,6,33,5,false,1940,1762,33,4,58.78787878787879,53.39393939393939,,,,,,,1659,50.27272727272727,1503,45.54545454545455,0,0,0,0,,,,,,,,,,,1774.8051976947927,53.781975687720994,1974.993246783659,59.84828020556542,0,55,5f44285da178,-,none
bandstrength#1,1786887667-1898223,band_strength 0 — FPL's blended FDR alone (ships),0,true,2025-26,2024-25,6,33,5,false,1865,1742,31,3,56.515151515151516,52.78787878787879,,,,,,,1660,50.303030303030305,1519,46.03030303030303,0,0,0,0,,,,,,,,,,,1683.786208877141,51.023824511428515,1827.7836688705913,55.387383905169436,0,55,0dc2d2b17e58,-,none
bandstrength#1,1786887667-1898223,band_strength 0 — FPL's blended FDR alone (ships),0,true,2020-21,2019-20,11,28,5,false,1617,1389,24,1,57.75,49.607142857142854,,,,,,,1387,49.535714285714285,1212,43.285714285714285,0,0,0,0,,,,,,,,,,,1484.3014469042141,53.01076596086479,1660.1093701350094,59.28962036196462,0,55,dac65f49e6c3,-,none
bandstrength#1,1786887667-1898223,band_strength 0 — FPL's blended FDR alone (ships),0,true,2021-22,2020-21,11,28,5,false,1521,1604,32,6,54.32142857142857,57.285714285714285,,,,,,,1632,58.285714285714285,1444,51.57142857142857,0,0,0,0,,,,,,,,,,,1602.0877101926003,57.217418221164294,1624.006749534639,58.00024105480854,0,55,b9a408253035,-,none
bandstrength#1,1786887667-1898223,band_strength 0 — FPL's blended FDR alone (ships),0,true,2022-23,2021-22,11,28,5,false,1554,1548,30,4,55.5,55.285714285714285,,,,,,,1450,51.785714285714285,1364,48.714285714285715,0,0,0,0,,,,,,,,,,,1484.6570035466896,53.02346441238177,1586.9060651085679,56.67521661102028,0,55,f82a462d3eb2,-,none
bandstrength#1,1786887667-1898223,band_strength 0 — FPL's blended FDR alone (ships),0,true,2023-24,2022-23,11,28,5,false,1710,1424,27,1,61.07142857142857,50.857142857142854,,,,,,,1415,50.535714285714285,1257,44.892857142857146,0,0,0,0,,,,,,,,,,,1412.0616730355432,50.430774036983685,1723.1767713162249,61.54202754700803,0,55,025d70cb5565,-,none
bandstrength#1,1786887667-1898223,band_strength 0 — FPL's blended FDR alone (ships),0,true,2024-25,2023-24,11,28,5,false,1776,1704,26,1,63.42857142857143,60.857142857142854,,,,,,,1704,60.857142857142854,1435,51.25,0,0,0,0,,,,,,,,,,,1656.4013083792024,59.15718958497151,1731.128318438055,61.826011372787676,0,55,d7639030dcde,-,none
bandstrength#1,1786887667-1898223,band_strength 0 — FPL's blended FDR alone (ships),0,true,2025-26,2024-25,11,28,5,false,1525,1489,24,0,54.464285714285715,53.17857142857143,,,,,,,1461,52.17857142857143,1304,46.57142857142857,0,0,0,0,,,,,,,,,,,1489.4444416753352,53.19444434554769,1546.6189630855467,55.236391538769524,0,55,b5c18c2f39b5,-,none
bandstrength#1,1786887667-1898223,band_strength 0 — FPL's blended FDR alone (ships),0,true,2020-21,2019-20,16,23,5,false,1319,1189,23,2,57.34782608695652,51.69565217391305,,,,,,,1155,50.21739130434783,1042,45.30434782608695,0,0,0,0,,,,,,,,,,,1229.9728241965981,53.47707931289557,1374.193622422808,59.74754880099165,0,55,38103e5146cf,-,none
bandstrength#1,1786887667-1898223,band_strength 0 — FPL's blended FDR alone (ships),0,true,2021-22,2020-21,16,23,5,false,1324,1260,24,3,57.56521739130435,54.78260869565217,,,,,,,1278,55.56521739130435,1153,50.130434782608695,0,0,0,0,,,,,,,,,,,1299.404660675238,56.495854811966865,1418.0266426719672,61.65333229008553,0,55,88076620b267,-,none
bandstrength#1,1786887667-1898223,band_strength 0 — FPL's blended FDR alone (ships),0,true,2022-23,2021-22,16,23,5,false,1352,1106,23,2,58.78260869565217,48.08695652173913,,,,,,,1045,45.43478260869565,938,40.78260869565217,0,0,0,0,,,,,,,,,,,1120.5017860161925,48.71746895722576,1373.1288908764627,59.701256125063594,0,55,f8a4e38b18ca,-,none
bandstrength#1,1786887667-1898223,band_strength 0 — FPL's blended FDR alone (ships),0,true,2023-24,2022-23,16,23,5,false,1450,1077,22,1,63.04347826086956,46.82608695652174,,,,,,,1060,46.08695652173913,933,40.56521739130435,0,0,0,0,,,,,,,,,,,1097.4323663170342,47.71445070943627,1434.6265998670942,62.37506955943888,0,55,36f167db5055,-,none
bandstrength#1,1786887667-1898223,band_strength 0 — FPL's blended FDR alone (ships),0,true,2024-25,2023-24,16,23,5,false,1401,1336,23,2,60.91304347826087,58.08695652173913,,,,,,,1336,58.08695652173913,1143,49.69565217391305,0,0,0,0,,,,,,,,,,,1341.1098827586973,58.30912533733466,1390.4662895546398,60.455056067593034,0,55,35d18512b286,-,none
bandstrength#1,1786887667-1898223,band_strength 0 — FPL's blended FDR alone (ships),0,true,2025-26,2024-25,16,23,5,false,1339,1288,23,3,58.21739130434783,56,,,,,,,1289,56.04347826086956,1127,49,0,0,0,0,,,,,,,,,,,1210.7845477335868,52.642806423199424,1264.7345107371789,54.98845698857299,0,55,334a04b1176a,-,none
bandstrength#1,1786887667-1898223,band_strength 0 — FPL's blended FDR alone (ships),0,true,2020-21,2019-20,21,18,5,false,1021,942,17,2,56.72222222222222,52.333333333333336,,,,,,,963,53.5,845,46.94444444444444,0,0,0,0,,,,,,,,,,,965.0577004029183,53.614316689051016,1054.3465314777486,58.574807304319364,0,55,3828563d2a28,-,none
bandstrength#1,1786887667-1898223,band_strength 0 — FPL's blended FDR alone (ships),0,true,2021-22,2020-21,21,18,5,false,1002,944,19,2,55.666666666666664,52.44444444444444,,,,,,,962,53.44444444444444,855,47.5,0,0,0,0,,,,,,,,,,,1001.6196502423109,55.64553612457283,1028.63757792194,57.146532106774444,0,55,2614de13199f,-,none
bandstrength#1,1786887667-1898223,band_strength 0 — FPL's blended FDR alone (ships),0,true,2022-23,2021-22,21,18,5,false,1164,1181,14,0,64.66666666666667,65.61111111111111,,,,,,,1171,65.05555555555556,1032,57.333333333333336,0,0,0,0,,,,,,,,,,,1159.1329566977274,64.39627537209597,1153.23616444564,64.06867580253555,0,55,31d9909a9a64,-,none
bandstrength#1,1786887667-1898223,band_strength 0 — FPL's blended FDR alone (ships),0,true,2023-24,2022-23,21,18,5,false,1199,909,17,1,66.61111111111111,50.5,,,,,,,905,50.27777777777778,796,44.22222222222222,0,0,0,0,,,,,,,,,,,983.9104970154252,54.661694278634734,1151.9267069275938,63.995928162644105,0,55,5879fc9506cd,-,none
bandstrength#1,1786887667-1898223,band_strength 0 — FPL's blended FDR alone (ships),0,true,2024-25,2023-24,21,18,5,false,1081,1047,15,1,60.05555555555556,58.166666666666664,,,,,,,1047,58.166666666666664,912,50.666666666666664,0,0,0,0,,,,,,,,,,,1083.1214825517532,60.17341569731962,1089.8314755081706,60.54619308378725,0,55,0f4f24f82c7f,-,none
bandstrength#1,1786887667-1898223,band_strength 0 — FPL's blended FDR alone (ships),0,true,2025-26,2024-25,21,18,5,false,1049,950,15,1,58.27777777777778,52.77777777777778,,,,,,,927,51.5,841,46.72222222222222,0,0,0,0,,,,,,,,,,,939.2500791521638,52.180559952897994,1016.0242182221269,56.445789901229276,0,55,0f8336277f6d,-,none
bandstrength#1,1786887667-1898223,band_strength 0 — FPL's blended FDR alone (ships),0,true,2020-21,2019-20,26,13,5,false,682,638,11,0,52.46153846153846,49.07692307692308,,,,,,,646,49.69230769230769,579,44.53846153846154,0,0,0,0,,,,,,,,,,,670.4208553775125,51.57083502903942,741.2867430638797,57.02205715875998,0,55,d47cf2db42a3,-,none
bandstrength#1,1786887667-1898223,band_strength 0 — FPL's blended FDR alone (ships),0,true,2021-22,2020-21,26,13,5,false,733,636,15,4,56.38461538461539,48.92307692307692,,,,,,,634,48.76923076923077,578,44.46153846153846,0,0,0,0,,,,,,,,,,,683.4259804919013,52.571229268607794,803.1225275368372,61.77865596437209,0,55,1283622164da,-,none
bandstrength#1,1786887667-1898223,band_strength 0 — FPL's blended FDR alone (ships),0,true,2022-23,2021-22,26,13,5,false,887,812,11,0,68.23076923076923,62.46153846153846,,,,,,,808,62.15384615384615,696,53.53846153846154,0,0,0,0,,,,,,,,,,,799.82001186357,61.524616297197696,862.5814639717099,66.35242030551615,0,55,485d7e3d0d70,-,none
bandstrength#1,1786887667-1898223,band_strength 0 — FPL's blended FDR alone (ships),0,true,2023-24,2022-23,26,13,5,false,816,620,11,0,62.76923076923077,47.69230769230769,,,,,,,621,47.76923076923077,550,42.30769230769231,0,0,0,0,,,,,,,,,,,639.9664124973258,49.228185576717365,775.5788020866348,59.659907852818066,0,55,72c93b86408c,-,none
bandstrength#1,1786887667-1898223,band_strength 0 — FPL's blended FDR alone (ships),0,true,2024-25,2023-24,26,13,5,false,732,710,9,0,56.30769230769231,54.61538461538461,,,,,,,710,54.61538461538461,637,49,0,0,0,0,,,,,,,,,,,765.6749971066165,58.89807670050896,766.3847098439727,58.9526699879979,0,55,ab53d0f632bd,-,none
bandstrength#1,1786887667-1898223,band_strength 0 — FPL's blended FDR alone (ships),0,true,2025-26,2024-25,26,13,5,false,750,761,9,0,57.69230769230769,58.53846153846154,,,,,,,762,58.61538461538461,660,50.76923076923077,0,0,0,0,,,,,,,,,,,708.4052335728627,54.492710274835595,709.9283831918896,54.60987563014535,0,55,e2397dc452c0,-,none
bandstrength#1,1786887667-1898223,band_strength 1 — the 3/14/3 adjustment at full strength,1,false,2020-21,2019-20,1,38,5,false,2188,1710,39,4,57.578947368421055,45,,,,,,,1711,45.026315789473685,1471,38.71052631578947,0,0,0,0,,,,,,,,,,,1729.722575115064,45.519015134606946,2191.739510527781,57.677355540204765,1,55,2aadee614ec1,-,none
bandstrength#1,1786887667-1898223,band_strength 1 — the 3/14/3 adjustment at full strength,1,false,2021-22,2020-21,1,38,5,false,2198,1942,39,3,57.8421052631579,51.10526315789474,,,,,,,1987,52.28947368421053,1692,44.526315789473685,0,0,0,0,,,,,,,,,,,1931.8732187563267,50.83876891464018,2273.712078458187,59.83452838047861,1,55,2ee4dc9e44a7,-,none
bandstrength#1,1786887667-1898223,band_strength 1 — the 3/14/3 adjustment at full strength,1,false,2022-23,2021-22,1,38,5,false,2055,1842,36,1,54.078947368421055,48.473684210526315,,,,,,,1845,48.55263157894737,1582,41.63157894736842,0,0,0,0,,,,,,,,,,,1851.9591496843016,48.73576709695531,2097.057098107234,55.18571310808511,1,55,fe5b3efc1102,-,none
bandstrength#1,1786887667-1898223,band_strength 1 — the 3/14/3 adjustment at full strength,1,false,2023-24,2022-23,1,38,5,false,2327,1809,38,1,61.23684210526316,47.60526315789474,,,,,,,1780,46.8421052631579,1569,41.28947368421053,0,0,0,0,,,,,,,,,,,1848.0006352101223,48.63159566342427,2342.456864042922,61.64360168534005,1,55,7df5f95f1759,-,none
bandstrength#1,1786887667-1898223,band_strength 1 — the 3/14/3 adjustment at full strength,1,false,2024-25,2023-24,1,38,5,false,2395,1855,33,1,63.026315789473685,48.81578947368421,,,,,,,1825,48.026315789473685,1643,43.23684210526316,0,0,0,0,,,,,,,,,,,1918.7516620325991,50.49346479033156,2316.9673297129443,60.97282446613011,1,55,5062709cbae7,-,none
bandstrength#1,1786887667-1898223,band_strength 1 — the 3/14/3 adjustment at full strength,1,false,2025-26,2024-25,1,38,5,false,2038,1514,36,3,53.63157894736842,39.8421052631579,,,,,,,1529,40.23684210526316,1375,36.18421052631579,0,0,0,0,,,,,,,,,,,1575.5209560031244,41.46107778955591,1972.6060455118202,51.910685408205794,1,55,cdb305de770a,-,none
bandstrength#1,1786887667-1898223,band_strength 1 — the 3/14/3 adjustment at full strength,1,false,2020-21,2019-20,6,33,5,false,1864,1626,35,5,56.484848484848484,49.27272727272727,,,,,,,1633,49.484848484848484,1447,43.84848484848485,0,0,0,0,,,,,,,,,,,1716.4559723778736,52.01381734478405,1953.9952548520555,59.21197741975926,1,55,a4700023ca5f,-,none
bandstrength#1,1786887667-1898223,band_strength 1 — the 3/14/3 adjustment at full strength,1,false,2021-22,2020-21,6,33,5,false,1868,1595,38,7,56.60606060606061,48.333333333333336,,,,,,,1618,49.03030303030303,1373,41.60606060606061,0,0,0,0,,,,,,,,,,,1675.5089565289336,50.772998682694954,1953.6869706219381,59.202635473392064,1,55,4a9f695ab692,-,none
bandstrength#1,1786887667-1898223,band_strength 1 — the 3/14/3 adjustment at full strength,1,false,2022-23,2021-22,6,33,5,false,1799,1569,32,3,54.515151515151516,47.54545454545455,,,,,,,1519,46.03030303030303,1390,42.121212121212125,0,0,0,0,,,,,,,,,,,1551.0126616238806,47.00038368557214,1817.4070774471113,55.072941740821555,1,55,c67806890abd,-,none
bandstrength#1,1786887667-1898223,band_strength 1 — the 3/14/3 adjustment at full strength,1,false,2023-24,2022-23,6,33,5,false,2006,1662,34,3,60.78787878787879,50.36363636363637,,,,,,,1635,49.54545454545455,1417,42.93939393939394,0,0,0,0,,,,,,,,,,,1658.2194196024016,50.2490733212849,1994.1234478719362,60.42798326884655,1,55,e4d98525659c,-,none
bandstrength#1,1786887667-1898223,band_strength 1 — the 3/14/3 adjustment at full strength,1,false,2024-25,2023-24,6,33,5,false,1918,1792,33,4,58.121212121212125,54.303030303030305,,,,,,,1678,50.84848484848485,1522,46.121212121212125,0,0,0,0,,,,,,,,,,,1806.756096817382,54.75018475204188,1981.19957160162,60.03635065459454,1,55,2bdbf9bd94a2,-,none
bandstrength#1,1786887667-1898223,band_strength 1 — the 3/14/3 adjustment at full strength,1,false,2025-26,2024-25,6,33,5,false,1834,1704,32,3,55.57575757575758,51.63636363636363,,,,,,,1622,49.15151515151515,1481,44.878787878787875,0,0,0,0,,,,,,,,,,,1666.6313686517638,50.50398086823527,1794.6365502889419,54.382925766331574,1,55,cb383ffd62c2,-,none
bandstrength#1,1786887667-1898223,band_strength 1 — the 3/14/3 adjustment at full strength,1,false,2020-21,2019-20,11,28,5,false,1593,1389,26,0,56.892857142857146,49.607142857142854,,,,,,,1382,49.357142857142854,1218,43.5,0,0,0,0,,,,,,,,,,,1461.9856609388232,52.21377360495797,1651.8171998067094,58.99347142166819,1,55,8d58671b1668,-,none
bandstrength#1,1786887667-1898223,band_strength 1 — the 3/14/3 adjustment at full strength,1,false,2021-22,2020-21,11,28,5,false,1514,1594,35,10,54.07142857142857,56.92857142857143,,,,,,,1622,57.92857142857143,1434,51.214285714285715,0,0,0,0,,,,,,,,,,,1592.1232439349712,56.861544426248976,1581.6524561582053,56.4875877199359,1,55,9682f20dd259,-,none
bandstrength#1,1786887667-1898223,band_strength 1 — the 3/14/3 adjustment at full strength,1,false,2022-23,2021-22,11,28,5,false,1585,1594,29,3,56.607142857142854,56.92857142857143,,,,,,,1499,53.535714285714285,1410,50.357142857142854,0,0,0,0,,,,,,,,,,,1560.9258391729293,55.747351399033185,1617.3450559511714,57.76232342682755,1,55,f7bd9a94d8c1,-,none
bandstrength#1,1786887667-1898223,band_strength 1 — the 3/14/3 adjustment at full strength,1,false,2023-24,2022-23,11,28,5,false,1670,1435,27,1,59.642857142857146,51.25,,,,,,,1415,50.535714285714285,1257,44.892857142857146,0,0,0,0,,,,,,,,,,,1419.3624448020569,50.691515885787744,1719.8263633206054,61.42237011859305,1,55,025d70cb5565,-,none
bandstrength#1,1786887667-1898223,band_strength 1 — the 3/14/3 adjustment at full strength,1,false,2024-25,2023-24,11,28,5,false,1828,1689,25,1,65.28571428571429,60.32142857142857,,,,,,,1689,60.32142857142857,1420,50.714285714285715,0,0,0,0,,,,,,,,,,,1655.598731435165,59.12852612268447,1774.5550902759906,63.376967509856804,1,55,f9d9b9585356,-,none
bandstrength#1,1786887667-1898223,band_strength 1 — the 3/14/3 adjustment at full strength,1,false,2025-26,2024-25,11,28,5,false,1562,1487,24,0,55.785714285714285,53.107142857142854,,,,,,,1459,52.107142857142854,1302,46.5,0,0,0,0,,,,,,,,,,,1487.7648169458666,53.134457748066666,1561.298879749846,55.760674276780215,1,55,b5c18c2f39b5,-,none
bandstrength#1,1786887667-1898223,band_strength 1 — the 3/14/3 adjustment at full strength,1,false,2020-21,2019-20,16,23,5,false,1278,1210,25,4,55.56521739130435,52.608695652173914,,,,,,,1176,51.130434782608695,1063,46.21739130434783,0,0,0,0,,,,,,,,,,,1237.6883422299502,53.812536618693485,1339.330609374943,58.23176562499752,1,55,d0679a087631,-,none
bandstrength#1,1786887667-1898223,band_strength 1 — the 3/14/3 adjustment at full strength,1,false,2021-22,2020-21,16,23,5,false,1259,1279,25,4,54.73913043478261,55.608695652173914,,,,,,,1284,55.82608695652174,1159,50.391304347826086,0,0,0,0,,,,,,,,,,,1290.130725096311,56.09264022157873,1367.9109860624292,59.474390698366484,1,55,5e14d3c43300,-,none
bandstrength#1,1786887667-1898223,band_strength 1 — the 3/14/3 adjustment at full strength,1,false,2022-23,2021-22,16,23,5,false,1405,1115,22,3,61.08695652173913,48.47826086956522,,,,,,,1054,45.82608695652174,947,41.17391304347826,0,0,0,0,,,,,,,,,,,1115.5974183693063,48.50423558127419,1434.1746322191286,62.35541879213603,1,55,8dd068132d83,-,none
bandstrength#1,1786887667-1898223,band_strength 1 — the 3/14/3 adjustment at full strength,1,false,2023-24,2022-23,16,23,5,false,1414,1099,22,2,61.47826086956522,47.78260869565217,,,,,,,1084,47.130434782608695,933,40.56521739130435,0,0,0,0,,,,,,,,,,,1118.8634164175023,48.64623549641315,1412.4988705967337,61.41299437377103,1,55,36f167db5055,-,none
bandstrength#1,1786887667-1898223,band_strength 1 — the 3/14/3 adjustment at full strength,1,false,2024-25,2023-24,16,23,5,false,1415,1336,22,2,61.52173913043478,58.08695652173913,,,,,,,1336,58.08695652173913,1143,49.69565217391305,0,0,0,0,,,,,,,,,,,1341.1098827586973,58.30912533733466,1410.4759882091585,61.32504296561559,1,55,35d18512b286,-,none
bandstrength#1,1786887667-1898223,band_strength 1 — the 3/14/3 adjustment at full strength,1,false,2025-26,2024-25,16,23,5,false,1342,1237,20,1,58.34782608695652,53.78260869565217,,,,,,,1232,53.56521739130435,1076,46.78260869565217,0,0,0,0,,,,,,,,,,,1199.5525434475305,52.154458410762196,1281.0868894965042,55.69942997810888,1,55,79c6b1beebb5,-,none
bandstrength#1,1786887667-1898223,band_strength 1 — the 3/14/3 adjustment at full strength,1,false,2020-21,2019-20,21,18,5,false,1024,947,16,0,56.888888888888886,52.611111111111114,,,,,,,963,53.5,845,46.94444444444444,0,0,0,0,,,,,,,,,,,967.8748085887047,53.77082269937248,1072.6691771142061,59.59273206190034,1,55,3828563d2a28,-,none
bandstrength#1,1786887667-1898223,band_strength 1 — the 3/14/3 adjustment at full strength,1,false,2021-22,2020-21,21,18,5,false,1155,958,17,2,64.16666666666667,53.22222222222222,,,,,,,976,54.22222222222222,869,48.27777777777778,0,0,0,0,,,,,,,,,,,1015.992053463539,56.444002970196614,1145.443663325794,63.63575907365522,1,55,f606d31d398d,-,none
bandstrength#1,1786887667-1898223,band_strength 1 — the 3/14/3 adjustment at full strength,1,false,2022-23,2021-22,21,18,5,false,1096,1126,17,1,60.888888888888886,62.55555555555556,,,,,,,1116,62,977,54.27777777777778,0,0,0,0,,,,,,,,,,,1103.1498647545423,61.28610359747457,1122.219947658188,62.34555264767711,1,55,23b569794194,-,none
bandstrength#1,1786887667-1898223,band_strength 1 — the 3/14/3 adjustment at full strength,1,false,2023-24,2022-23,21,18,5,false,1147,909,19,2,63.72222222222222,50.5,,,,,,,904,50.22222222222222,795,44.166666666666664,0,0,0,0,,,,,,,,,,,980.6774109158731,54.48207838421517,1154.35399502511,64.130777501395,1,55,5c9bee1e51ad,-,none
bandstrength#1,1786887667-1898223,band_strength 1 — the 3/14/3 adjustment at full strength,1,false,2024-25,2023-24,21,18,5,false,1030,1047,16,1,57.22222222222222,58.166666666666664,,,,,,,1047,58.166666666666664,912,50.666666666666664,0,0,0,0,,,,,,,,,,,1083.1214825517532,60.17341569731962,1054.6689180281187,58.592717668228815,1,55,0f4f24f82c7f,-,none
bandstrength#1,1786887667-1898223,band_strength 1 — the 3/14/3 adjustment at full strength,1,false,2025-26,2024-25,21,18,5,false,1049,916,16,1,58.27777777777778,50.888888888888886,,,,,,,894,49.666666666666664,808,44.888888888888886,0,0,0,0,,,,,,,,,,,892.385300846806,49.57696115815589,1018.2602841168228,56.57001578426794,1,55,fca3100da6e0,-,none
bandstrength#1,1786887667-1898223,band_strength 1 — the 3/14/3 adjustment at full strength,1,false,2020-21,2019-20,26,13,5,false,680,655,11,0,52.30769230769231,50.38461538461539,,,,,,,658,50.61538461538461,591,45.46153846153846,0,0,0,0,,,,,,,,,,,689.7061428149481,53.05431867807293,751.9358364053278,57.84121818502521,1,55,9e10f072ee0b,-,none
bandstrength#1,1786887667-1898223,band_strength 1 — the 3/14/3 adjustment at full strength,1,false,2021-22,2020-21,26,13,5,false,764,636,14,2,58.76923076923077,48.92307692307692,,,,,,,634,48.76923076923077,578,44.46153846153846,0,0,0,0,,,,,,,,,,,647.3650045033472,49.79730803871902,790.8540194354246,60.83492457195574,1,55,50181ecc790a,-,none
bandstrength#1,1786887667-1898223,band_strength 1 — the 3/14/3 adjustment at full strength,1,false,2022-23,2021-22,26,13,5,false,859,886,7,0,66.07692307692308,68.15384615384616,,,,,,,882,67.84615384615384,770,59.23076923076923,0,0,0,0,,,,,,,,,,,842.8705824080475,64.83619864677289,854.0068146911864,65.69283189932203,1,55,6997639a29af,-,none
bandstrength#1,1786887667-1898223,band_strength 1 — the 3/14/3 adjustment at full strength,1,false,2023-24,2022-23,26,13,5,false,802,660,11,0,61.69230769230769,50.76923076923077,,,,,,,662,50.92307692307692,591,45.46153846153846,0,0,0,0,,,,,,,,,,,661.7686600284926,50.90528154065328,776.5573289412034,59.73517914932334,1,55,56f00532dde6,-,none
bandstrength#1,1786887667-1898223,band_strength 1 — the 3/14/3 adjustment at full strength,1,false,2024-25,2023-24,26,13,5,false,732,704,9,0,56.30769230769231,54.15384615384615,,,,,,,704,54.15384615384615,631,48.53846153846154,0,0,0,0,,,,,,,,,,,760.0750627419737,58.46731251861336,766.3847098439727,58.9526699879979,1,55,ab53d0f632bd,-,none
bandstrength#1,1786887667-1898223,band_strength 1 — the 3/14/3 adjustment at full strength,1,false,2025-26,2024-25,26,13,5,false,816,789,9,0,62.76923076923077,60.69230769230769,,,,,,,790,60.76923076923077,688,52.92307692307692,0,0,0,0,,,,,,,,,,,750.9495800692678,57.7653523130206,755.3303497297097,58.10233459459305,1,55,d9b0cbd44706,-,none
