sweep,run_id,variant,variant_index,is_baseline,season,prior_season,start_gw,weeks,bank_up_to,infeasible,policy_points,hold_points,moves,hits,policy_per_gw,hold_per_gw,frozen_points,frozen_per_gw,frozen_captain_points,frozen_captain_per_gw,weekly_points,weekly_per_gw,hold_fixedcap_points,hold_fixedcap_per_gw,hold_nocap_points,hold_nocap_per_gw,decision_weeks,consulted_weeks,weighed_weeks,banked_weeks,free_at_decision,band_ready_weeks,band_moves,band_run_moves,band_worse_moves,band_exposure,ftv_weeks,ftv_priced_weeks,ftv_gate_calls,ftv_flips,ftv_mean_charge,ftv_mean_load,wc_trig_offered,wc_trig_weeks,wc_trig_weighed,wc_trig_gw,wc_trig_value,wc_trig_bar,bb_trig_offered,bb_trig_weeks,bb_trig_weighed,bb_trig_gw,bb_trig_value,bb_trig_bar,fh_trig_offered,fh_trig_weeks,fh_trig_weighed,fh_trig_gw,fh_trig_value,fh_trig_bar,prep_weeks,prep_credit_weeks,prep_bench_sum,prep_captain_sum,dose_act_doubles,dose_act_blanks,dose_late_doubles,dose_late_blanks,floor_flips_le28,floor_flips_gt28,bench_boost_gw,bench_boost_pts,triple_captain_gw,triple_captain_pts,bench_boost_oracle_gw,bench_boost_oracle_pts,bench_boost_median_pts,bench_boost_threshold_pts,bench_boost_bar_pts,triple_captain_oracle_gw,triple_captain_oracle_pts,triple_captain_median_pts,triple_captain_threshold_pts,triple_captain_bar_pts,hold_xpoints,hold_xpoints_per_gw,policy_xpoints,policy_xpoints_per_gw,setting,min_expected_minutes,squad_hash,oracle,oracle_kind
ANCHORED#1,1787764127-1803155,chips at fixed offsets from entry,0,true,2023-24,2022-23,1,38,5,false,2379,1806,40,3,62.60526315789474,47.526315789473685,,,,,,,1780,46.8421052631579,1569,41.28947368421053,36,0,,,1.6111111111111112,32,36,16,9,13,0,,,,,,0,0,0,,,,0,0,0,,,,0,0,0,,,,0,,,,23,23,23,21,0,0,7,1,14,5,,,,,,,,,,,1847.281228959663,48.61266391999113,2323.928877773734,61.15602309930878,,55,7df5f95f1759,-,none
ANCHORED#1,1787764127-1803155,chips at fixed offsets from entry,0,true,2024-25,2023-24,1,38,5,false,2444,1908,38,1,64.3157894736842,50.21052631578947,,,,,,,1890,49.73684210526316,1708,44.94736842105263,36,0,,,1.8333333333333333,32,33,14,9,11,0,,,,,,0,0,0,,,,0,0,0,,,,0,0,0,,,,0,,,,10,10,10,10,0,0,7,2,0,0,,,,,,,,,,,1984.839567078322,52.23262018627163,2330.713054659753,61.33455406999351,,55,d0f719155ebc,-,none
ANCHORED#1,1787764127-1803155,chips at fixed offsets from entry,0,true,2025-26,2024-25,1,38,5,false,2183,1523,35,1,57.44736842105263,40.078947368421055,,,,,,,1529,40.23684210526316,1375,36.18421052631579,36,0,,,1.3888888888888888,32,30,9,8,-5,0,,,,,,0,0,0,,,,0,0,0,,,,0,0,0,,,,0,,,,10,10,10,10,0,0,7,2,0,0,,,,,,,,,,,1583.8646329653097,41.680648235929205,2109.0447645869403,55.501178015445795,,55,cdb305de770a,-,none
ANCHORED#1,1787764127-1803155,chips at fixed offsets from entry,0,true,2023-24,2022-23,6,33,5,false,2107,1724,33,2,63.84848484848485,52.24242424242424,,,,,,,1702,51.57575757575758,1484,44.96969696969697,31,0,,,1.967741935483871,31,33,12,13,4,0,,,,,,0,0,0,,,,0,0,0,,,,0,0,0,,,,0,,,,23,21,21,21,0,0,12,0,19,3,,,,,,,,,,,1721.7944263935356,52.175588678591986,2079.864593378498,63.02619979934842,,55,a4cd558c8a6c,-,none
ANCHORED#1,1787764127-1803155,chips at fixed offsets from entry,0,true,2024-25,2023-24,6,33,5,false,1940,1744,29,1,58.78787878787879,52.84848484848485,,,,,,,1641,49.72727272727273,1485,45,31,0,,,2.096774193548387,31,29,15,5,21,0,,,,,,0,0,0,,,,0,0,0,,,,0,0,0,,,,0,,,,10,10,10,10,0,0,12,1,0,0,,,,,,,,,,,1754.9002266108062,53.17879474578201,1975.6457021276449,59.8680515796256,,55,7d06f846b27d,-,none
ANCHORED#1,1787764127-1803155,chips at fixed offsets from entry,0,true,2025-26,2024-25,6,33,5,false,1923,1743,30,1,58.27272727272727,52.81818181818182,,,,,,,1663,50.39393939393939,1547,46.878787878787875,31,0,,,1.935483870967742,31,30,6,9,-5,0,,,,,,0,0,0,,,,0,0,0,,,,0,0,0,,,,0,,,,10,10,10,10,0,0,12,0,0,0,,,,,,,,,,,1697.4225268293555,51.43704626755623,1871.611251557443,56.71549247143766,,55,135d9da53c17,-,none
ANCHORED#1,1787764127-1803155,chips at fixed offsets from entry,0,true,2023-24,2022-23,11,28,5,false,1702,1428,29,1,60.785714285714285,51,,,,,,,1405,50.17857142857143,1247,44.535714285714285,26,0,,,1.8076923076923077,26,29,10,7,1,0,,,,,,0,0,0,,,,0,0,0,,,,0,0,0,,,,0,,,,21,21,21,21,0,0,17,0,24,15,,,,,,,,,,,1416.7846694489685,50.5994524803203,1737.4613438640915,62.05219085228898,,55,2a84996b516a,-,none
ANCHORED#1,1787764127-1803155,chips at fixed offsets from entry,0,true,2024-25,2023-24,11,28,5,false,1829,1681,28,2,65.32142857142857,60.035714285714285,,,,,,,1681,60.035714285714285,1412,50.42857142857143,26,0,,,1.4615384615384615,26,28,12,11,6,0,,,,,,0,0,0,,,,0,0,0,,,,0,0,0,,,,0,,,,10,10,10,8,0,0,17,1,0,0,,,,,,,,,,,1648.6369668324785,58.87989167258852,1750.921397427368,62.53290705097743,,55,a6e9f92d83f6,-,none
ANCHORED#1,1787764127-1803155,chips at fixed offsets from entry,0,true,2025-26,2024-25,11,28,5,false,1518,1444,26,1,54.214285714285715,51.57142857142857,,,,,,,1416,50.57142857142857,1259,44.964285714285715,26,0,,,1.4230769230769231,26,26,9,8,-3,0,,,,,,0,0,0,,,,0,0,0,,,,0,0,0,,,,0,,,,10,10,10,10,0,0,17,0,0,0,,,,,,,,,,,1420.3707344105421,50.72752622894793,1505.4830063958484,53.76725022842316,,55,71a4b81a55e0,-,none
ANCHORED#1,1787764127-1803155,chips at fixed offsets from entry,0,true,2023-24,2022-23,16,23,5,false,1420,1085,23,2,61.73913043478261,47.17391304347826,,,,,,,1085,47.17391304347826,934,40.608695652173914,21,0,,,1.5714285714285714,21,23,11,4,13,0,,,,,,0,0,0,,,,0,0,0,,,,0,0,0,,,,0,,,,21,21,21,17,0,0,22,0,29,2,,,,,,,,,,,1100.0328547404902,47.82751542349957,1417.5197436243288,61.63129320105777,,55,291eebc880a2,-,none
ANCHORED#1,1787764127-1803155,chips at fixed offsets from entry,0,true,2024-25,2023-24,16,23,5,false,1470,1367,19,1,63.91304347826087,59.43478260869565,,,,,,,1367,59.43478260869565,1174,51.04347826086956,21,0,,,3.0476190476190474,21,19,6,5,6,0,,,,,,0,0,0,,,,0,0,0,,,,0,0,0,,,,0,,,,10,8,10,8,0,0,22,0,0,0,,,,,,,,,,,1409.2322184264299,61.27096601854043,1479.8628926098845,64.34186489608193,,55,0a92238fc17e,-,none
ANCHORED#1,1787764127-1803155,chips at fixed offsets from entry,0,true,2025-26,2024-25,16,23,5,false,1240,1307,20,1,53.91304347826087,56.82608695652174,,,,,,,1308,56.869565217391305,1146,49.82608695652174,21,0,,,1.7142857142857142,21,20,6,3,4,0,,,,,,0,0,0,,,,0,0,0,,,,0,0,0,,,,0,,,,10,10,10,10,0,0,22,1,0,0,,,,,,,,,,,1247.0166669781659,54.21811595557243,1221.346370602524,53.10201611315322,,55,439f261a429b,-,none
ANCHORED#1,1787764127-1803155,chips at fixed offsets from entry,0,true,2023-24,2022-23,21,18,5,false,1159,964,17,0,64.38888888888889,53.55555555555556,,,,,,,954,53,845,46.94444444444444,16,0,,,1.5,16,17,9,4,4,0,,,,,,0,0,0,,,,0,0,0,,,,0,0,0,,,,0,,,,21,17,17,17,0,0,27,5,34,9,,,,,,,,,,,996.2801720475503,55.34889844708613,1170.3793873950215,65.02107707750119,,55,a39e1a72098e,-,none
ANCHORED#1,1787764127-1803155,chips at fixed offsets from entry,0,true,2024-25,2023-24,21,18,5,false,1080,956,17,1,60,53.111111111111114,,,,,,,956,53.111111111111114,821,45.611111111111114,16,0,,,1.6875,16,17,11,2,14,0,,,,,,0,0,0,,,,0,0,0,,,,0,0,0,,,,0,,,,10,8,6,8,0,0,27,6,0,0,,,,,,,,,,,978.7329286819744,54.37405159344302,1109.4698627107434,61.6372145950413,,55,606dfdefbccb,-,none
ANCHORED#1,1787764127-1803155,chips at fixed offsets from entry,0,true,2025-26,2024-25,21,18,5,false,1088,942,15,1,60.44444444444444,52.333333333333336,,,,,,,927,51.5,841,46.72222222222222,16,0,,,2.75,16,15,7,5,0,0,,,,,,0,0,0,,,,0,0,0,,,,0,0,0,,,,0,,,,10,10,10,10,0,0,27,2,0,0,,,,,,,,,,,912.9456155568754,50.71920086427085,1012.5180252529187,56.25100140293993,,55,73261d35b823,-,none
ANCHORED#1,1787764127-1803155,chips at fixed offsets from entry,0,true,2023-24,2022-23,26,13,5,false,844,617,11,0,64.92307692307692,47.46153846153846,,,,,,,619,47.61538461538461,548,42.15384615384615,11,0,,,1.5454545454545454,11,11,5,2,6,0,,,,,,0,0,0,,,,0,0,0,,,,0,0,0,,,,0,,,,17,13,15,1,0,0,32,3,38,2,,,,,,,,,,,637.2043322278133,49.01571786367795,809.4045431328287,62.26188793329452,,55,d725094b2efe,-,none
ANCHORED#1,1787764127-1803155,chips at fixed offsets from entry,0,true,2024-25,2023-24,26,13,5,false,686,692,12,1,52.76923076923077,53.23076923076923,,,,,,,692,53.23076923076923,619,47.61538461538461,11,0,,,1.6363636363636365,11,12,8,3,6,0,,,,,,0,0,0,,,,0,0,0,,,,0,0,0,,,,0,,,,6,8,6,4,0,0,32,3,0,0,,,,,,,,,,,728.9946771610494,56.076513627773025,743.4991094440335,57.192239188002574,,55,685eecb0cbdb,-,none
ANCHORED#1,1787764127-1803155,chips at fixed offsets from entry,0,true,2025-26,2024-25,26,13,5,false,782,756,9,0,60.15384615384615,58.15384615384615,,,,,,,757,58.23076923076923,655,50.38461538461539,11,0,,,1.8181818181818181,11,9,2,5,-7,0,,,,,,0,0,0,,,,0,0,0,,,,0,0,0,,,,0,,,,8,10,8,10,0,0,32,6,0,0,,,,,,,,,,,710.1237686554032,54.62490528118486,735.0663087681634,56.54356221293564,,55,32f63ab9f3ba,-,none
ANCHORED#1,1787764127-1803155,chips anchored on the calendar (full sight),1,false,2023-24,2022-23,1,38,5,false,2307,1806,39,2,60.71052631578947,47.526315789473685,,,,,,,1780,46.8421052631579,1569,41.28947368421053,36,0,,,1.6944444444444444,32,35,12,8,7,0,,,,,,0,0,0,,,,0,0,0,,,,0,0,0,,,,0,,,,23,23,23,21,0,0,34,0,37,2,,,,,,,,,,,1847.281228959663,48.61266391999113,2293.34828493877,60.351270656283425,,55,7df5f95f1759,-,none
ANCHORED#1,1787764127-1803155,chips anchored on the calendar (full sight),1,false,2024-25,2023-24,1,38,5,false,2457,1908,34,2,64.65789473684211,50.21052631578947,,,,,,,1890,49.73684210526316,1708,44.94736842105263,36,0,,,2.0833333333333335,32,29,13,9,6,0,,,,,,0,0,0,,,,0,0,0,,,,0,0,0,,,,0,,,,10,10,10,10,0,0,33,2,0,0,,,,,,,,,,,1984.839567078322,52.23262018627163,2352.5797590880957,61.90999366021305,,55,d0f719155ebc,-,none
ANCHORED#1,1787764127-1803155,chips anchored on the calendar (full sight),1,false,2025-26,2024-25,1,38,5,false,2199,1523,35,1,57.86842105263158,40.078947368421055,,,,,,,1529,40.23684210526316,1375,36.18421052631579,36,0,,,1.4166666666666667,32,30,9,8,-5,0,,,,,,0,0,0,,,,0,0,0,,,,0,0,0,,,,0,,,,10,10,10,10,0,0,33,4,0,0,,,,,,,,,,,1583.8646329653097,41.680648235929205,2121.9846278516134,55.84170073293719,,55,cdb305de770a,-,none
ANCHORED#1,1787764127-1803155,chips anchored on the calendar (full sight),1,false,2023-24,2022-23,6,33,5,false,2084,1724,32,0,63.15151515151515,52.24242424242424,,,,,,,1702,51.57575757575758,1484,44.96969696969697,31,0,,,1.8064516129032258,31,32,13,9,13,0,,,,,,0,0,0,,,,0,0,0,,,,0,0,0,,,,0,,,,23,21,21,21,0,0,34,9,37,2,,,,,,,,,,,1721.7944263935356,52.175588678591986,2106.50198099957,63.83339336362334,,55,a4cd558c8a6c,-,none
ANCHORED#1,1787764127-1803155,chips anchored on the calendar (full sight),1,false,2024-25,2023-24,6,33,5,false,2027,1744,31,1,61.42424242424242,52.84848484848485,,,,,,,1641,49.72727272727273,1485,45,31,0,,,1.7741935483870968,31,31,11,4,14,0,,,,,,0,0,0,,,,0,0,0,,,,0,0,0,,,,0,,,,10,10,10,10,0,0,33,6,0,0,,,,,,,,,,,1754.9002266108062,53.17879474578201,2045.8604612105546,61.99577155183499,,55,7d06f846b27d,-,none
ANCHORED#1,1787764127-1803155,chips anchored on the calendar (full sight),1,false,2025-26,2024-25,6,33,5,false,1965,1743,29,1,59.54545454545455,52.81818181818182,,,,,,,1663,50.39393939393939,1547,46.878787878787875,31,0,,,1.903225806451613,31,29,7,8,-2,0,,,,,,0,0,0,,,,0,0,0,,,,0,0,0,,,,0,,,,10,10,10,10,0,0,33,13,0,0,,,,,,,,,,,1697.4225268293555,51.43704626755623,1892.1676289714042,57.33841299913346,,55,135d9da53c17,-,none
ANCHORED#1,1787764127-1803155,chips anchored on the calendar (full sight),1,false,2023-24,2022-23,11,28,5,false,1720,1428,26,0,61.42857142857143,51,,,,,,,1405,50.17857142857143,1247,44.535714285714285,26,0,,,1.6923076923076923,26,26,13,3,14,0,,,,,,0,0,0,,,,0,0,0,,,,0,0,0,,,,0,,,,21,21,21,21,0,0,34,3,37,4,,,,,,,,,,,1416.7846694489685,50.5994524803203,1743.530946995499,62.268962392696395,,55,2a84996b516a,-,none
ANCHORED#1,1787764127-1803155,chips anchored on the calendar (full sight),1,false,2024-25,2023-24,11,28,5,false,1835,1681,27,1,65.53571428571429,60.035714285714285,,,,,,,1681,60.035714285714285,1412,50.42857142857143,26,0,,,1.4615384615384615,26,27,12,9,7,0,,,,,,0,0,0,,,,0,0,0,,,,0,0,0,,,,0,,,,10,10,10,8,0,0,33,1,0,0,,,,,,,,,,,1648.6369668324785,58.87989167258852,1772.3803538045784,63.29929835016351,,55,a6e9f92d83f6,-,none
ANCHORED#1,1787764127-1803155,chips anchored on the calendar (full sight),1,false,2025-26,2024-25,11,28,5,false,1573,1444,27,2,56.17857142857143,51.57142857142857,,,,,,,1416,50.57142857142857,1259,44.964285714285715,26,0,,,1.4615384615384615,26,27,9,7,-1,0,,,,,,0,0,0,,,,0,0,0,,,,0,0,0,,,,0,,,,10,10,10,10,0,0,33,1,0,0,,,,,,,,,,,1420.3707344105421,50.72752622894793,1534.6779502994743,54.8099267964098,,55,71a4b81a55e0,-,none
ANCHORED#1,1787764127-1803155,chips anchored on the calendar (full sight),1,false,2023-24,2022-23,16,23,5,false,1463,1085,23,1,63.608695652173914,47.17391304347826,,,,,,,1085,47.17391304347826,934,40.608695652173914,21,0,,,1.4761904761904763,21,23,7,5,7,0,,,,,,0,0,0,,,,0,0,0,,,,0,0,0,,,,0,,,,21,21,21,17,0,0,34,6,37,2,,,,,,,,,,,1100.0328547404902,47.82751542349957,1456.8868373045134,63.34290596976145,,55,291eebc880a2,-,none
ANCHORED#1,1787764127-1803155,chips anchored on the calendar (full sight),1,false,2024-25,2023-24,16,23,5,false,1497,1367,20,0,65.08695652173913,59.43478260869565,,,,,,,1367,59.43478260869565,1174,51.04347826086956,21,0,,,2.5238095238095237,21,20,5,6,2,0,,,,,,0,0,0,,,,0,0,0,,,,0,0,0,,,,0,,,,10,8,10,8,0,0,33,5,0,0,,,,,,,,,,,1409.2322184264299,61.27096601854043,1496.9438364102325,65.08451462653184,,55,0a92238fc17e,-,none
ANCHORED#1,1787764127-1803155,chips anchored on the calendar (full sight),1,false,2025-26,2024-25,16,23,5,false,1315,1307,21,1,57.17391304347826,56.82608695652174,,,,,,,1308,56.869565217391305,1146,49.82608695652174,21,0,,,1.5714285714285714,21,21,6,6,-4,0,,,,,,0,0,0,,,,0,0,0,,,,0,0,0,,,,0,,,,10,10,10,10,0,0,33,1,0,0,,,,,,,,,,,1247.0166669781659,54.21811595557243,1250.040655601957,54.34959372182422,,55,439f261a429b,-,none
ANCHORED#1,1787764127-1803155,chips anchored on the calendar (full sight),1,false,2023-24,2022-23,21,18,5,false,1247,964,17,0,69.27777777777777,53.55555555555556,,,,,,,954,53,845,46.94444444444444,16,0,,,1.5,16,17,10,3,9,0,,,,,,0,0,0,,,,0,0,0,,,,0,0,0,,,,0,,,,21,17,17,17,0,0,34,25,37,4,,,,,,,,,,,996.2801720475503,55.34889844708613,1229.3087305999773,68.29492947777652,,55,a39e1a72098e,-,none
ANCHORED#1,1787764127-1803155,chips anchored on the calendar (full sight),1,false,2024-25,2023-24,21,18,5,false,1077,956,16,0,59.833333333333336,53.111111111111114,,,,,,,956,53.111111111111114,821,45.611111111111114,16,0,,,1.6875,16,16,8,4,9,0,,,,,,0,0,0,,,,0,0,0,,,,0,0,0,,,,0,,,,10,8,6,8,0,0,33,1,0,0,,,,,,,,,,,978.7329286819744,54.37405159344302,1105.0731163490182,61.392950908278785,,55,606dfdefbccb,-,none
ANCHORED#1,1787764127-1803155,chips anchored on the calendar (full sight),1,false,2025-26,2024-25,21,18,5,false,1102,942,15,0,61.22222222222222,52.333333333333336,,,,,,,927,51.5,841,46.72222222222222,16,0,,,2.5625,16,15,7,6,0,0,,,,,,0,0,0,,,,0,0,0,,,,0,0,0,,,,0,,,,10,10,10,10,0,0,33,4,0,0,,,,,,,,,,,912.9456155568754,50.71920086427085,1033.1031122743848,57.39461734857693,,55,73261d35b823,-,none
ANCHORED#1,1787764127-1803155,chips anchored on the calendar (full sight),1,false,2023-24,2022-23,26,13,5,false,846,617,11,0,65.07692307692308,47.46153846153846,,,,,,,619,47.61538461538461,548,42.15384615384615,11,0,,,1.4545454545454546,11,11,5,2,6,0,,,,,,0,0,0,,,,0,0,0,,,,0,0,0,,,,0,,,,17,13,15,1,0,0,34,3,37,4,,,,,,,,,,,637.2043322278133,49.01571786367795,811.0019120899649,62.38476246845884,,55,d725094b2efe,-,none
ANCHORED#1,1787764127-1803155,chips anchored on the calendar (full sight),1,false,2024-25,2023-24,26,13,5,false,753,692,11,0,57.92307692307692,53.23076923076923,,,,,,,692,53.23076923076923,619,47.61538461538461,11,0,,,1.6363636363636365,11,11,7,1,8,0,,,,,,0,0,0,,,,0,0,0,,,,0,0,0,,,,0,,,,6,8,6,4,0,0,33,13,0,0,,,,,,,,,,,728.9946771610494,56.076513627773025,773.4290447864541,59.49454190665032,,55,685eecb0cbdb,-,none
ANCHORED#1,1787764127-1803155,chips anchored on the calendar (full sight),1,false,2025-26,2024-25,26,13,5,false,815,756,8,0,62.69230769230769,58.15384615384615,,,,,,,757,58.23076923076923,655,50.38461538461539,11,0,,,2.272727272727273,11,8,2,4,-6,0,,,,,,0,0,0,,,,0,0,0,,,,0,0,0,,,,0,,,,8,10,8,10,0,0,33,11,0,0,,,,,,,,,,,710.1237686554032,54.62490528118486,760.5065283967518,58.50050218436552,,55,32f63ab9f3ba,-,none
ANCHORED#1,1787764127-1803155,"anchored, 2 gameweeks of sight",2,false,2023-24,2022-23,1,38,5,false,2371,1806,38,1,62.39473684210526,47.526315789473685,,,,,,,1780,46.8421052631579,1569,41.28947368421053,36,0,,,1.6944444444444444,32,34,15,8,10,0,,,,,,0,0,0,,,,0,0,0,,,,0,0,0,,,,0,,,,23,23,23,21,0,0,25,12,34,20,,,,,,,,,,,1847.281228959663,48.61266391999113,2301.8179428888534,60.57415639181193,,55,7df5f95f1759,-,none
ANCHORED#1,1787764127-1803155,"anchored, 2 gameweeks of sight",2,false,2024-25,2023-24,1,38,5,false,2457,1908,34,2,64.65789473684211,50.21052631578947,,,,,,,1890,49.73684210526316,1708,44.94736842105263,36,0,,,2.0833333333333335,32,29,13,9,6,0,,,,,,0,0,0,,,,0,0,0,,,,0,0,0,,,,0,,,,10,10,10,10,0,0,33,2,0,0,,,,,,,,,,,1984.839567078322,52.23262018627163,2352.5797590880957,61.90999366021305,,55,d0f719155ebc,-,none
ANCHORED#1,1787764127-1803155,"anchored, 2 gameweeks of sight",2,false,2025-26,2024-25,1,38,5,false,2224,1523,36,2,58.526315789473685,40.078947368421055,,,,,,,1529,40.23684210526316,1375,36.18421052631579,36,0,,,1.3888888888888888,32,31,9,9,-6,0,,,,,,0,0,0,,,,0,0,0,,,,0,0,0,,,,0,,,,10,10,10,10,0,0,33,4,0,0,,,,,,,,,,,1583.8646329653097,41.680648235929205,2125.869141798675,55.943924784175664,,55,cdb305de770a,-,none
ANCHORED#1,1787764127-1803155,"anchored, 2 gameweeks of sight",2,false,2023-24,2022-23,6,33,5,false,2056,1724,34,2,62.303030303030305,52.24242424242424,,,,,,,1702,51.57575757575758,1484,44.96969696969697,31,0,,,1.903225806451613,31,34,16,11,12,0,,,,,,0,0,0,,,,0,0,0,,,,0,0,0,,,,0,,,,23,21,21,21,0,0,25,14,34,3,,,,,,,,,,,1721.7944263935356,52.175588678591986,2084.261479408424,63.15943876995224,,55,a4cd558c8a6c,-,none
ANCHORED#1,1787764127-1803155,"anchored, 2 gameweeks of sight",2,false,2024-25,2023-24,6,33,5,false,2027,1744,31,1,61.42424242424242,52.84848484848485,,,,,,,1641,49.72727272727273,1485,45,31,0,,,1.7741935483870968,31,31,11,4,14,0,,,,,,0,0,0,,,,0,0,0,,,,0,0,0,,,,0,,,,10,10,10,10,0,0,33,6,0,0,,,,,,,,,,,1754.9002266108062,53.17879474578201,2045.8604612105546,61.99577155183499,,55,7d06f846b27d,-,none
ANCHORED#1,1787764127-1803155,"anchored, 2 gameweeks of sight",2,false,2025-26,2024-25,6,33,5,false,1947,1743,30,1,59,52.81818181818182,,,,,,,1663,50.39393939393939,1547,46.878787878787875,31,0,,,1.7741935483870968,31,30,8,8,-1,0,,,,,,0,0,0,,,,0,0,0,,,,0,0,0,,,,0,,,,10,10,10,10,0,0,33,13,0,0,,,,,,,,,,,1697.4225268293555,51.43704626755623,1883.2273532488312,57.067495552994885,,55,135d9da53c17,-,none
ANCHORED#1,1787764127-1803155,"anchored, 2 gameweeks of sight",2,false,2023-24,2022-23,11,28,5,false,1658,1428,28,1,59.214285714285715,51,,,,,,,1405,50.17857142857143,1247,44.535714285714285,26,0,,,1.8076923076923077,26,28,13,4,15,0,,,,,,0,0,0,,,,0,0,0,,,,0,0,0,,,,0,,,,21,21,21,21,0,0,25,4,34,20,,,,,,,,,,,1416.7846694489685,50.5994524803203,1688.9717044056583,60.3204180144878,,55,2a84996b516a,-,none
ANCHORED#1,1787764127-1803155,"anchored, 2 gameweeks of sight",2,false,2024-25,2023-24,11,28,5,false,1835,1681,27,1,65.53571428571429,60.035714285714285,,,,,,,1681,60.035714285714285,1412,50.42857142857143,26,0,,,1.4615384615384615,26,27,12,9,7,0,,,,,,0,0,0,,,,0,0,0,,,,0,0,0,,,,0,,,,10,10,10,8,0,0,33,1,0,0,,,,,,,,,,,1648.6369668324785,58.87989167258852,1772.3803538045784,63.29929835016351,,55,a6e9f92d83f6,-,none
ANCHORED#1,1787764127-1803155,"anchored, 2 gameweeks of sight",2,false,2025-26,2024-25,11,28,5,false,1584,1444,27,2,56.57142857142857,51.57142857142857,,,,,,,1416,50.57142857142857,1259,44.964285714285715,26,0,,,1.4230769230769231,26,27,9,7,-1,0,,,,,,0,0,0,,,,0,0,0,,,,0,0,0,,,,0,,,,10,10,10,10,0,0,33,1,0,0,,,,,,,,,,,1420.3707344105421,50.72752622894793,1549.2441367267395,55.3301477402407,,55,71a4b81a55e0,-,none
ANCHORED#1,1787764127-1803155,"anchored, 2 gameweeks of sight",2,false,2023-24,2022-23,16,23,5,false,1450,1085,23,2,63.04347826086956,47.17391304347826,,,,,,,1085,47.17391304347826,934,40.608695652173914,21,0,,,1.5714285714285714,21,23,11,4,13,0,,,,,,0,0,0,,,,0,0,0,,,,0,0,0,,,,0,,,,21,21,21,17,0,0,25,12,34,20,,,,,,,,,,,1100.0328547404902,47.82751542349957,1444.0304417715777,62.78393225093816,,55,291eebc880a2,-,none
ANCHORED#1,1787764127-1803155,"anchored, 2 gameweeks of sight",2,false,2024-25,2023-24,16,23,5,false,1497,1367,20,0,65.08695652173913,59.43478260869565,,,,,,,1367,59.43478260869565,1174,51.04347826086956,21,0,,,2.5238095238095237,21,20,5,6,2,0,,,,,,0,0,0,,,,0,0,0,,,,0,0,0,,,,0,,,,10,8,10,8,0,0,33,5,0,0,,,,,,,,,,,1409.2322184264299,61.27096601854043,1496.9438364102325,65.08451462653184,,55,0a92238fc17e,-,none
ANCHORED#1,1787764127-1803155,"anchored, 2 gameweeks of sight",2,false,2025-26,2024-25,16,23,5,false,1330,1307,21,2,57.82608695652174,56.82608695652174,,,,,,,1308,56.869565217391305,1146,49.82608695652174,21,0,,,1.7142857142857142,21,21,5,6,-5,0,,,,,,0,0,0,,,,0,0,0,,,,0,0,0,,,,0,,,,10,10,10,10,0,0,33,0,0,0,,,,,,,,,,,1247.0166669781659,54.21811595557243,1279.5436640983276,55.632333221666414,,55,439f261a429b,-,none
ANCHORED#1,1787764127-1803155,"anchored, 2 gameweeks of sight",2,false,2023-24,2022-23,21,18,5,false,1201,964,18,1,66.72222222222223,53.55555555555556,,,,,,,954,53,845,46.94444444444444,16,0,,,1.4375,16,18,10,4,7,0,,,,,,0,0,0,,,,0,0,0,,,,0,0,0,,,,0,,,,21,17,17,17,0,0,25,14,34,20,,,,,,,,,,,996.2801720475503,55.34889844708613,1176.451418079405,65.3584121155225,,55,a39e1a72098e,-,none
ANCHORED#1,1787764127-1803155,"anchored, 2 gameweeks of sight",2,false,2024-25,2023-24,21,18,5,false,1077,956,16,0,59.833333333333336,53.111111111111114,,,,,,,956,53.111111111111114,821,45.611111111111114,16,0,,,1.6875,16,16,8,4,9,0,,,,,,0,0,0,,,,0,0,0,,,,0,0,0,,,,0,,,,10,8,6,8,0,0,33,1,0,0,,,,,,,,,,,978.7329286819744,54.37405159344302,1105.0731163490182,61.392950908278785,,55,606dfdefbccb,-,none
ANCHORED#1,1787764127-1803155,"anchored, 2 gameweeks of sight",2,false,2025-26,2024-25,21,18,5,false,1090,942,15,1,60.55555555555556,52.333333333333336,,,,,,,927,51.5,841,46.72222222222222,16,0,,,2.75,16,15,7,5,0,0,,,,,,0,0,0,,,,0,0,0,,,,0,0,0,,,,0,,,,10,10,10,10,0,0,33,4,0,0,,,,,,,,,,,912.9456155568754,50.71920086427085,1018.4893547665624,56.58274193147569,,55,73261d35b823,-,none
ANCHORED#1,1787764127-1803155,"anchored, 2 gameweeks of sight",2,false,2023-24,2022-23,26,13,5,false,846,617,11,0,65.07692307692308,47.46153846153846,,,,,,,619,47.61538461538461,548,42.15384615384615,11,0,,,1.4545454545454546,11,11,5,2,6,0,,,,,,0,0,0,,,,0,0,0,,,,0,0,0,,,,0,,,,17,13,15,1,0,0,34,3,37,4,,,,,,,,,,,637.2043322278133,49.01571786367795,811.0019120899649,62.38476246845884,,55,d725094b2efe,-,none
ANCHORED#1,1787764127-1803155,"anchored, 2 gameweeks of sight",2,false,2024-25,2023-24,26,13,5,false,753,692,11,0,57.92307692307692,53.23076923076923,,,,,,,692,53.23076923076923,619,47.61538461538461,11,0,,,1.6363636363636365,11,11,7,1,8,0,,,,,,0,0,0,,,,0,0,0,,,,0,0,0,,,,0,,,,6,8,6,4,0,0,33,13,0,0,,,,,,,,,,,728.9946771610494,56.076513627773025,773.4290447864541,59.49454190665032,,55,685eecb0cbdb,-,none
ANCHORED#1,1787764127-1803155,"anchored, 2 gameweeks of sight",2,false,2025-26,2024-25,26,13,5,false,835,756,10,0,64.23076923076923,58.15384615384615,,,,,,,757,58.23076923076923,655,50.38461538461539,11,0,,,1.6363636363636365,11,10,3,5,-4,0,,,,,,0,0,0,,,,0,0,0,,,,0,0,0,,,,0,,,,8,10,8,10,0,0,33,11,0,0,,,,,,,,,,,710.1237686554032,54.62490528118486,758.8380725478305,58.37215942675619,,55,32f63ab9f3ba,-,none
ANCHORED#1,1787764127-1803155,"anchored, 4 gameweeks of sight",3,false,2023-24,2022-23,1,38,5,false,2337,1806,39,2,61.5,47.526315789473685,,,,,,,1780,46.8421052631579,1569,41.28947368421053,36,0,,,1.6944444444444444,32,35,12,8,7,0,,,,,,0,0,0,,,,0,0,0,,,,0,0,0,,,,0,,,,23,23,23,21,0,0,25,12,34,20,,,,,,,,,,,1847.281228959663,48.61266391999113,2317.195896361699,60.978839377939444,,55,7df5f95f1759,-,none
ANCHORED#1,1787764127-1803155,"anchored, 4 gameweeks of sight",3,false,2024-25,2023-24,1,38,5,false,2457,1908,34,2,64.65789473684211,50.21052631578947,,,,,,,1890,49.73684210526316,1708,44.94736842105263,36,0,,,2.0833333333333335,32,29,13,9,6,0,,,,,,0,0,0,,,,0,0,0,,,,0,0,0,,,,0,,,,10,10,10,10,0,0,33,2,0,0,,,,,,,,,,,1984.839567078322,52.23262018627163,2352.5797590880957,61.90999366021305,,55,d0f719155ebc,-,none
ANCHORED#1,1787764127-1803155,"anchored, 4 gameweeks of sight",3,false,2025-26,2024-25,1,38,5,false,2199,1523,35,1,57.86842105263158,40.078947368421055,,,,,,,1529,40.23684210526316,1375,36.18421052631579,36,0,,,1.4166666666666667,32,30,9,8,-5,0,,,,,,0,0,0,,,,0,0,0,,,,0,0,0,,,,0,,,,10,10,10,10,0,0,33,4,0,0,,,,,,,,,,,1583.8646329653097,41.680648235929205,2121.9846278516134,55.84170073293719,,55,cdb305de770a,-,none
ANCHORED#1,1787764127-1803155,"anchored, 4 gameweeks of sight",3,false,2023-24,2022-23,6,33,5,false,2096,1724,32,0,63.515151515151516,52.24242424242424,,,,,,,1702,51.57575757575758,1484,44.96969696969697,31,0,,,1.8064516129032258,31,32,13,9,13,0,,,,,,0,0,0,,,,0,0,0,,,,0,0,0,,,,0,,,,23,21,21,21,0,0,25,14,34,9,,,,,,,,,,,1721.7944263935356,52.175588678591986,2118.666752788115,64.20202281176105,,55,a4cd558c8a6c,-,none
ANCHORED#1,1787764127-1803155,"anchored, 4 gameweeks of sight",3,false,2024-25,2023-24,6,33,5,false,2027,1744,31,1,61.42424242424242,52.84848484848485,,,,,,,1641,49.72727272727273,1485,45,31,0,,,1.7741935483870968,31,31,11,4,14,0,,,,,,0,0,0,,,,0,0,0,,,,0,0,0,,,,0,,,,10,10,10,10,0,0,33,6,0,0,,,,,,,,,,,1754.9002266108062,53.17879474578201,2045.8604612105546,61.99577155183499,,55,7d06f846b27d,-,none
ANCHORED#1,1787764127-1803155,"anchored, 4 gameweeks of sight",3,false,2025-26,2024-25,6,33,5,false,1965,1743,29,1,59.54545454545455,52.81818181818182,,,,,,,1663,50.39393939393939,1547,46.878787878787875,31,0,,,1.903225806451613,31,29,7,8,-2,0,,,,,,0,0,0,,,,0,0,0,,,,0,0,0,,,,0,,,,10,10,10,10,0,0,33,13,0,0,,,,,,,,,,,1697.4225268293555,51.43704626755623,1892.1676289714042,57.33841299913346,,55,135d9da53c17,-,none
ANCHORED#1,1787764127-1803155,"anchored, 4 gameweeks of sight",3,false,2023-24,2022-23,11,28,5,false,1737,1428,26,0,62.035714285714285,51,,,,,,,1405,50.17857142857143,1247,44.535714285714285,26,0,,,1.6923076923076923,26,26,13,3,14,0,,,,,,0,0,0,,,,0,0,0,,,,0,0,0,,,,0,,,,21,21,21,21,0,0,25,4,34,20,,,,,,,,,,,1416.7846694489685,50.5994524803203,1755.1006385822204,62.68216566365073,,55,2a84996b516a,-,none
ANCHORED#1,1787764127-1803155,"anchored, 4 gameweeks of sight",3,false,2024-25,2023-24,11,28,5,false,1835,1681,27,1,65.53571428571429,60.035714285714285,,,,,,,1681,60.035714285714285,1412,50.42857142857143,26,0,,,1.4615384615384615,26,27,12,9,7,0,,,,,,0,0,0,,,,0,0,0,,,,0,0,0,,,,0,,,,10,10,10,8,0,0,33,1,0,0,,,,,,,,,,,1648.6369668324785,58.87989167258852,1772.3803538045784,63.29929835016351,,55,a6e9f92d83f6,-,none
ANCHORED#1,1787764127-1803155,"anchored, 4 gameweeks of sight",3,false,2025-26,2024-25,11,28,5,false,1573,1444,27,2,56.17857142857143,51.57142857142857,,,,,,,1416,50.57142857142857,1259,44.964285714285715,26,0,,,1.4615384615384615,26,27,9,7,-1,0,,,,,,0,0,0,,,,0,0,0,,,,0,0,0,,,,0,,,,10,10,10,10,0,0,33,1,0,0,,,,,,,,,,,1420.3707344105421,50.72752622894793,1534.6779502994743,54.8099267964098,,55,71a4b81a55e0,-,none
ANCHORED#1,1787764127-1803155,"anchored, 4 gameweeks of sight",3,false,2023-24,2022-23,16,23,5,false,1476,1085,23,1,64.17391304347827,47.17391304347826,,,,,,,1085,47.17391304347826,934,40.608695652173914,21,0,,,1.4761904761904763,21,23,7,5,7,0,,,,,,0,0,0,,,,0,0,0,,,,0,0,0,,,,0,,,,21,21,21,17,0,0,25,12,34,9,,,,,,,,,,,1100.0328547404902,47.82751542349957,1467.8137117123729,63.817987465755344,,55,291eebc880a2,-,none
ANCHORED#1,1787764127-1803155,"anchored, 4 gameweeks of sight",3,false,2024-25,2023-24,16,23,5,false,1497,1367,20,0,65.08695652173913,59.43478260869565,,,,,,,1367,59.43478260869565,1174,51.04347826086956,21,0,,,2.5238095238095237,21,20,5,6,2,0,,,,,,0,0,0,,,,0,0,0,,,,0,0,0,,,,0,,,,10,8,10,8,0,0,33,5,0,0,,,,,,,,,,,1409.2322184264299,61.27096601854043,1496.9438364102325,65.08451462653184,,55,0a92238fc17e,-,none
ANCHORED#1,1787764127-1803155,"anchored, 4 gameweeks of sight",3,false,2025-26,2024-25,16,23,5,false,1315,1307,21,1,57.17391304347826,56.82608695652174,,,,,,,1308,56.869565217391305,1146,49.82608695652174,21,0,,,1.5714285714285714,21,21,6,6,-4,0,,,,,,0,0,0,,,,0,0,0,,,,0,0,0,,,,0,,,,10,10,10,10,0,0,33,1,0,0,,,,,,,,,,,1247.0166669781659,54.21811595557243,1250.040655601957,54.34959372182422,,55,439f261a429b,-,none
ANCHORED#1,1787764127-1803155,"anchored, 4 gameweeks of sight",3,false,2023-24,2022-23,21,18,5,false,1252,964,17,0,69.55555555555556,53.55555555555556,,,,,,,954,53,845,46.94444444444444,16,0,,,1.5,16,17,10,3,9,0,,,,,,0,0,0,,,,0,0,0,,,,0,0,0,,,,0,,,,21,17,17,17,0,0,25,14,34,20,,,,,,,,,,,996.2801720475503,55.34889844708613,1239.7976277080702,68.87764598378168,,55,a39e1a72098e,-,none
ANCHORED#1,1787764127-1803155,"anchored, 4 gameweeks of sight",3,false,2024-25,2023-24,21,18,5,false,1077,956,16,0,59.833333333333336,53.111111111111114,,,,,,,956,53.111111111111114,821,45.611111111111114,16,0,,,1.6875,16,16,8,4,9,0,,,,,,0,0,0,,,,0,0,0,,,,0,0,0,,,,0,,,,10,8,6,8,0,0,33,1,0,0,,,,,,,,,,,978.7329286819744,54.37405159344302,1105.0731163490182,61.392950908278785,,55,606dfdefbccb,-,none
ANCHORED#1,1787764127-1803155,"anchored, 4 gameweeks of sight",3,false,2025-26,2024-25,21,18,5,false,1102,942,15,0,61.22222222222222,52.333333333333336,,,,,,,927,51.5,841,46.72222222222222,16,0,,,2.5625,16,15,7,6,0,0,,,,,,0,0,0,,,,0,0,0,,,,0,0,0,,,,0,,,,10,10,10,10,0,0,33,4,0,0,,,,,,,,,,,912.9456155568754,50.71920086427085,1033.1031122743848,57.39461734857693,,55,73261d35b823,-,none
ANCHORED#1,1787764127-1803155,"anchored, 4 gameweeks of sight",3,false,2023-24,2022-23,26,13,5,false,846,617,11,0,65.07692307692308,47.46153846153846,,,,,,,619,47.61538461538461,548,42.15384615384615,11,0,,,1.4545454545454546,11,11,5,2,6,0,,,,,,0,0,0,,,,0,0,0,,,,0,0,0,,,,0,,,,17,13,15,1,0,0,34,3,37,4,,,,,,,,,,,637.2043322278133,49.01571786367795,811.0019120899649,62.38476246845884,,55,d725094b2efe,-,none
ANCHORED#1,1787764127-1803155,"anchored, 4 gameweeks of sight",3,false,2024-25,2023-24,26,13,5,false,753,692,11,0,57.92307692307692,53.23076923076923,,,,,,,692,53.23076923076923,619,47.61538461538461,11,0,,,1.6363636363636365,11,11,7,1,8,0,,,,,,0,0,0,,,,0,0,0,,,,0,0,0,,,,0,,,,6,8,6,4,0,0,33,13,0,0,,,,,,,,,,,728.9946771610494,56.076513627773025,773.4290447864541,59.49454190665032,,55,685eecb0cbdb,-,none
ANCHORED#1,1787764127-1803155,"anchored, 4 gameweeks of sight",3,false,2025-26,2024-25,26,13,5,false,815,756,8,0,62.69230769230769,58.15384615384615,,,,,,,757,58.23076923076923,655,50.38461538461539,11,0,,,2.272727272727273,11,8,2,4,-6,0,,,,,,0,0,0,,,,0,0,0,,,,0,0,0,,,,0,,,,8,10,8,10,0,0,33,11,0,0,,,,,,,,,,,710.1237686554032,54.62490528118486,760.5065283967518,58.50050218436552,,55,32f63ab9f3ba,-,none
ANCHORED#1,1787764127-1803155,"anchored, 6 gameweeks of sight",4,false,2023-24,2022-23,1,38,5,false,2337,1806,39,2,61.5,47.526315789473685,,,,,,,1780,46.8421052631579,1569,41.28947368421053,36,0,,,1.6944444444444444,32,35,12,8,7,0,,,,,,0,0,0,,,,0,0,0,,,,0,0,0,,,,0,,,,23,23,23,21,0,0,25,12,34,20,,,,,,,,,,,1847.281228959663,48.61266391999113,2317.195896361699,60.978839377939444,,55,7df5f95f1759,-,none
ANCHORED#1,1787764127-1803155,"anchored, 6 gameweeks of sight",4,false,2024-25,2023-24,1,38,5,false,2457,1908,34,2,64.65789473684211,50.21052631578947,,,,,,,1890,49.73684210526316,1708,44.94736842105263,36,0,,,2.0833333333333335,32,29,13,9,6,0,,,,,,0,0,0,,,,0,0,0,,,,0,0,0,,,,0,,,,10,10,10,10,0,0,33,2,0,0,,,,,,,,,,,1984.839567078322,52.23262018627163,2352.5797590880957,61.90999366021305,,55,d0f719155ebc,-,none
ANCHORED#1,1787764127-1803155,"anchored, 6 gameweeks of sight",4,false,2025-26,2024-25,1,38,5,false,2199,1523,35,1,57.86842105263158,40.078947368421055,,,,,,,1529,40.23684210526316,1375,36.18421052631579,36,0,,,1.4166666666666667,32,30,9,8,-5,0,,,,,,0,0,0,,,,0,0,0,,,,0,0,0,,,,0,,,,10,10,10,10,0,0,33,4,0,0,,,,,,,,,,,1583.8646329653097,41.680648235929205,2121.9846278516134,55.84170073293719,,55,cdb305de770a,-,none
ANCHORED#1,1787764127-1803155,"anchored, 6 gameweeks of sight",4,false,2023-24,2022-23,6,33,5,false,2096,1724,32,0,63.515151515151516,52.24242424242424,,,,,,,1702,51.57575757575758,1484,44.96969696969697,31,0,,,1.8064516129032258,31,32,13,9,13,0,,,,,,0,0,0,,,,0,0,0,,,,0,0,0,,,,0,,,,23,21,21,21,0,0,25,14,34,9,,,,,,,,,,,1721.7944263935356,52.175588678591986,2118.666752788115,64.20202281176105,,55,a4cd558c8a6c,-,none
ANCHORED#1,1787764127-1803155,"anchored, 6 gameweeks of sight",4,false,2024-25,2023-24,6,33,5,false,2027,1744,31,1,61.42424242424242,52.84848484848485,,,,,,,1641,49.72727272727273,1485,45,31,0,,,1.7741935483870968,31,31,11,4,14,0,,,,,,0,0,0,,,,0,0,0,,,,0,0,0,,,,0,,,,10,10,10,10,0,0,33,6,0,0,,,,,,,,,,,1754.9002266108062,53.17879474578201,2045.8604612105546,61.99577155183499,,55,7d06f846b27d,-,none
ANCHORED#1,1787764127-1803155,"anchored, 6 gameweeks of sight",4,false,2025-26,2024-25,6,33,5,false,1965,1743,29,1,59.54545454545455,52.81818181818182,,,,,,,1663,50.39393939393939,1547,46.878787878787875,31,0,,,1.903225806451613,31,29,7,8,-2,0,,,,,,0,0,0,,,,0,0,0,,,,0,0,0,,,,0,,,,10,10,10,10,0,0,33,13,0,0,,,,,,,,,,,1697.4225268293555,51.43704626755623,1892.1676289714042,57.33841299913346,,55,135d9da53c17,-,none
ANCHORED#1,1787764127-1803155,"anchored, 6 gameweeks of sight",4,false,2023-24,2022-23,11,28,5,false,1737,1428,26,0,62.035714285714285,51,,,,,,,1405,50.17857142857143,1247,44.535714285714285,26,0,,,1.6923076923076923,26,26,13,3,14,0,,,,,,0,0,0,,,,0,0,0,,,,0,0,0,,,,0,,,,21,21,21,21,0,0,25,4,34,20,,,,,,,,,,,1416.7846694489685,50.5994524803203,1755.1006385822204,62.68216566365073,,55,2a84996b516a,-,none
ANCHORED#1,1787764127-1803155,"anchored, 6 gameweeks of sight",4,false,2024-25,2023-24,11,28,5,false,1835,1681,27,1,65.53571428571429,60.035714285714285,,,,,,,1681,60.035714285714285,1412,50.42857142857143,26,0,,,1.4615384615384615,26,27,12,9,7,0,,,,,,0,0,0,,,,0,0,0,,,,0,0,0,,,,0,,,,10,10,10,8,0,0,33,1,0,0,,,,,,,,,,,1648.6369668324785,58.87989167258852,1772.3803538045784,63.29929835016351,,55,a6e9f92d83f6,-,none
ANCHORED#1,1787764127-1803155,"anchored, 6 gameweeks of sight",4,false,2025-26,2024-25,11,28,5,false,1573,1444,27,2,56.17857142857143,51.57142857142857,,,,,,,1416,50.57142857142857,1259,44.964285714285715,26,0,,,1.4615384615384615,26,27,9,7,-1,0,,,,,,0,0,0,,,,0,0,0,,,,0,0,0,,,,0,,,,10,10,10,10,0,0,33,1,0,0,,,,,,,,,,,1420.3707344105421,50.72752622894793,1534.6779502994743,54.8099267964098,,55,71a4b81a55e0,-,none
ANCHORED#1,1787764127-1803155,"anchored, 6 gameweeks of sight",4,false,2023-24,2022-23,16,23,5,false,1476,1085,23,1,64.17391304347827,47.17391304347826,,,,,,,1085,47.17391304347826,934,40.608695652173914,21,0,,,1.4761904761904763,21,23,7,5,7,0,,,,,,0,0,0,,,,0,0,0,,,,0,0,0,,,,0,,,,21,21,21,17,0,0,25,12,34,9,,,,,,,,,,,1100.0328547404902,47.82751542349957,1467.8137117123729,63.817987465755344,,55,291eebc880a2,-,none
ANCHORED#1,1787764127-1803155,"anchored, 6 gameweeks of sight",4,false,2024-25,2023-24,16,23,5,false,1497,1367,20,0,65.08695652173913,59.43478260869565,,,,,,,1367,59.43478260869565,1174,51.04347826086956,21,0,,,2.5238095238095237,21,20,5,6,2,0,,,,,,0,0,0,,,,0,0,0,,,,0,0,0,,,,0,,,,10,8,10,8,0,0,33,5,0,0,,,,,,,,,,,1409.2322184264299,61.27096601854043,1496.9438364102325,65.08451462653184,,55,0a92238fc17e,-,none
ANCHORED#1,1787764127-1803155,"anchored, 6 gameweeks of sight",4,false,2025-26,2024-25,16,23,5,false,1315,1307,21,1,57.17391304347826,56.82608695652174,,,,,,,1308,56.869565217391305,1146,49.82608695652174,21,0,,,1.5714285714285714,21,21,6,6,-4,0,,,,,,0,0,0,,,,0,0,0,,,,0,0,0,,,,0,,,,10,10,10,10,0,0,33,1,0,0,,,,,,,,,,,1247.0166669781659,54.21811595557243,1250.040655601957,54.34959372182422,,55,439f261a429b,-,none
ANCHORED#1,1787764127-1803155,"anchored, 6 gameweeks of sight",4,false,2023-24,2022-23,21,18,5,false,1252,964,17,0,69.55555555555556,53.55555555555556,,,,,,,954,53,845,46.94444444444444,16,0,,,1.5,16,17,10,3,9,0,,,,,,0,0,0,,,,0,0,0,,,,0,0,0,,,,0,,,,21,17,17,17,0,0,25,14,34,20,,,,,,,,,,,996.2801720475503,55.34889844708613,1239.7976277080702,68.87764598378168,,55,a39e1a72098e,-,none
ANCHORED#1,1787764127-1803155,"anchored, 6 gameweeks of sight",4,false,2024-25,2023-24,21,18,5,false,1077,956,16,0,59.833333333333336,53.111111111111114,,,,,,,956,53.111111111111114,821,45.611111111111114,16,0,,,1.6875,16,16,8,4,9,0,,,,,,0,0,0,,,,0,0,0,,,,0,0,0,,,,0,,,,10,8,6,8,0,0,33,1,0,0,,,,,,,,,,,978.7329286819744,54.37405159344302,1105.0731163490182,61.392950908278785,,55,606dfdefbccb,-,none
ANCHORED#1,1787764127-1803155,"anchored, 6 gameweeks of sight",4,false,2025-26,2024-25,21,18,5,false,1102,942,15,0,61.22222222222222,52.333333333333336,,,,,,,927,51.5,841,46.72222222222222,16,0,,,2.5625,16,15,7,6,0,0,,,,,,0,0,0,,,,0,0,0,,,,0,0,0,,,,0,,,,10,10,10,10,0,0,33,4,0,0,,,,,,,,,,,912.9456155568754,50.71920086427085,1033.1031122743848,57.39461734857693,,55,73261d35b823,-,none
ANCHORED#1,1787764127-1803155,"anchored, 6 gameweeks of sight",4,false,2023-24,2022-23,26,13,5,false,846,617,11,0,65.07692307692308,47.46153846153846,,,,,,,619,47.61538461538461,548,42.15384615384615,11,0,,,1.4545454545454546,11,11,5,2,6,0,,,,,,0,0,0,,,,0,0,0,,,,0,0,0,,,,0,,,,17,13,15,1,0,0,34,3,37,4,,,,,,,,,,,637.2043322278133,49.01571786367795,811.0019120899649,62.38476246845884,,55,d725094b2efe,-,none
ANCHORED#1,1787764127-1803155,"anchored, 6 gameweeks of sight",4,false,2024-25,2023-24,26,13,5,false,753,692,11,0,57.92307692307692,53.23076923076923,,,,,,,692,53.23076923076923,619,47.61538461538461,11,0,,,1.6363636363636365,11,11,7,1,8,0,,,,,,0,0,0,,,,0,0,0,,,,0,0,0,,,,0,,,,6,8,6,4,0,0,33,13,0,0,,,,,,,,,,,728.9946771610494,56.076513627773025,773.4290447864541,59.49454190665032,,55,685eecb0cbdb,-,none
ANCHORED#1,1787764127-1803155,"anchored, 6 gameweeks of sight",4,false,2025-26,2024-25,26,13,5,false,815,756,8,0,62.69230769230769,58.15384615384615,,,,,,,757,58.23076923076923,655,50.38461538461539,11,0,,,2.272727272727273,11,8,2,4,-6,0,,,,,,0,0,0,,,,0,0,0,,,,0,0,0,,,,0,,,,8,10,8,10,0,0,33,11,0,0,,,,,,,,,,,710.1237686554032,54.62490528118486,760.5065283967518,58.50050218436552,,55,32f63ab9f3ba,-,none
