"metric","p","design","clusters","estimator","se","df","t_crit","sig_gw","sig_season","mde_gw","mde_season"
"policy",1,"current: 6 nested starts",3,"season-clustered",1.52468540141544,2,4.30265272974946,6.56019180440928,249.287288567553,8.17736488418477,310.739865599021
"policy",1,"disjoint 2 x 19gw, clustered by season, p=1.00",3,"season-clustered",2.19097583128431,2,4.30265272974946,9.42700814129052,358.22630936904,11.750888942866,446.533779828907
"policy",1,"disjoint 2 x 19gw as 6 clusters, p=1.00",6,"segment-clustered",2.19097583128431,5,2.57058183563631,5.63208267421761,214.019141620269,7.64678087253307,290.577673156257
"policy",1,"disjoint 3 x 13gw, clustered by season, p=1.00",3,"season-clustered",2.19097583128431,2,4.30265272974946,9.42700814129052,358.22630936904,11.750888942866,446.533779828907
"policy",1,"disjoint 3 x 13gw as 9 clusters, p=1.00",9,"segment-clustered",2.19097583128431,8,2.30600413520417,5.052399327074,191.991174428812,6.9999347771835,265.997521532973
"policy",-0.62545451032106,"disjoint 2 x 19gw, clustered by season, p=-0.63",3,"season-clustered",1.88368213455388,2,4.30265272974946,8.10483007821855,307.983542972305,10.1027766946331,383.905514396056
"policy",-0.62545451032106,"disjoint 2 x 19gw as 6 clusters, p=-0.63",6,"segment-clustered",1.88368213455388,5,2.57058183563631,4.84215907919685,184.00204500948,6.57428726997663,249.822916259112
"policy",-0.62545451032106,"disjoint 3 x 13gw, clustered by season, p=-0.63",3,"season-clustered",1.60088203891063,2,4.30265272974946,6.88803947472571,261.745500039577,8.58603129311589,326.269189138404
"policy",-0.62545451032106,"disjoint 3 x 13gw as 9 clusters, p=-0.63",9,"segment-clustered",1.60088203891063,8,2.30600413520417,3.69164060170199,140.282342864676,5.11464786527114,194.356618880303
"hold",1,"current: 6 nested starts",3,"season-clustered",1.0505291588825,2,4.30265272974946,4.52006215314719,171.762361819593,5.63431659126721,214.104030468154
"hold",1,"disjoint 2 x 19gw, clustered by season, p=1.00",3,"season-clustered",2.10795836365516,2,4.30265272974946,9.0698128075791,344.652886688006,11.3056402876783,429.614330931775
"hold",1,"disjoint 2 x 19gw as 6 clusters, p=1.00",6,"segment-clustered",2.10795836365516,5,2.57058183563631,5.41867947988961,205.909820235805,7.35703948219534,279.567500323423
"hold",1,"disjoint 3 x 13gw, clustered by season, p=1.00",3,"season-clustered",2.10795836365516,2,4.30265272974946,9.0698128075791,344.652886688006,11.3056402876783,429.614330931775
"hold",1,"disjoint 3 x 13gw as 9 clusters, p=1.00",9,"segment-clustered",2.10795836365516,8,2.30600413520417,4.86096070342701,184.716506730226,6.73470279676941,255.918706277238
"hold",-0.62545451032106,"disjoint 2 x 19gw, clustered by season, p=-0.63",3,"season-clustered",1.65961133539091,2,4.30265272974946,7.14073124254284,271.347787216628,8.90101488662629,338.238565691799
"hold",-0.62545451032106,"disjoint 2 x 19gw as 6 clusters, p=-0.63",6,"segment-clustered",1.65961133539091,5,2.57058183563631,4.26616675297199,162.114336612936,5.79225203404787,220.105577293819
"hold",-0.62545451032106,"disjoint 3 x 13gw, clustered by season, p=-0.63",3,"season-clustered",1.19369184485191,2,4.30265272974946,5.13604147473175,195.169576039806,6.40214287194455,243.281429133893
"hold",-0.62545451032106,"disjoint 3 x 13gw as 9 clusters, p=-0.63",9,"segment-clustered",1.19369184485191,8,2.30600413520417,2.752658330388,104.601016554744,3.81371849872084,144.921302951392
"hold_fixedcap",1,"current: 6 nested starts",3,"season-clustered",1.05484385136231,2,4.30265272974946,4.53862677652346,172.467817507892,5.6574576371103,214.983390210191
"hold_fixedcap",1,"disjoint 2 x 19gw, clustered by season, p=1.00",3,"season-clustered",2.11661608821474,2,4.30265272974946,9.10706398978879,346.068431611974,11.3520743735066,431.37882619325
"hold_fixedcap",1,"disjoint 2 x 19gw as 6 clusters, p=1.00",6,"segment-clustered",2.11661608821474,5,2.57058183563631,5.44093486938041,206.755525036455,7.38725602845594,280.715729081326
"hold_fixedcap",1,"disjoint 3 x 13gw, clustered by season, p=1.00",3,"season-clustered",2.11661608821474,2,4.30265272974946,9.10706398978879,346.068431611974,11.3520743735066,431.37882619325
"hold_fixedcap",1,"disjoint 3 x 13gw as 9 clusters, p=1.00",9,"segment-clustered",2.11661608821474,8,2.30600413520417,4.88092545206286,185.475167178389,6.76236330601398,256.969805628531
"hold_fixedcap",-0.62545451032106,"disjoint 2 x 19gw, clustered by season, p=-0.63",3,"season-clustered",1.66642762648351,2,4.30265272974946,7.17005937601921,272.46225628873,8.93757278858385,339.627765966186
"hold_fixedcap",-0.62545451032106,"disjoint 2 x 19gw as 6 clusters, p=-0.63",6,"segment-clustered",1.66642762648351,5,2.57058183563631,4.28368858704106,162.78016630756,5.81604174619546,221.009586355427
"hold_fixedcap",-0.62545451032106,"disjoint 3 x 13gw, clustered by season, p=-0.63",3,"season-clustered",1.19859452954433,2,4.30265272974946,5.15713602440668,195.971168927454,6.42843750400752,244.280625152286
"hold_fixedcap",-0.62545451032106,"disjoint 3 x 13gw as 9 clusters, p=-0.63",9,"segment-clustered",1.19859452954433,8,2.30600413520417,2.76396394156231,105.030629779368,3.82938205492716,145.516518087232
"hold_nocap",1,"current: 6 nested starts",3,"season-clustered",1.01738929916629,2,4.30265272974946,4.37747284527574,166.343968120478,5.45657715409641,207.349931855664
"hold_nocap",1,"disjoint 2 x 19gw, clustered by season, p=1.00",3,"season-clustered",2.04146097624952,2,4.30265272974946,8.78369764213699,333.780510401206,10.9489939918876,416.061771691729
"hold_nocap",1,"disjoint 2 x 19gw as 6 clusters, p=1.00",6,"segment-clustered",2.04146097624952,5,2.57058183563631,5.24774250370739,199.414215140881,7.124955247022,270.748299386836
"hold_nocap",1,"disjoint 3 x 13gw, clustered by season, p=1.00",3,"season-clustered",2.04146097624952,2,4.30265272974946,8.78369764213699,333.780510401206,10.9489939918876,416.061771691729
"hold_nocap",1,"disjoint 3 x 13gw as 9 clusters, p=1.00",9,"segment-clustered",2.04146097624952,8,2.30600413520417,4.70761745308932,178.889463217394,6.52225071580795,247.845527200702
"hold_nocap",-0.62545451032106,"disjoint 2 x 19gw, clustered by season, p=-0.63",3,"season-clustered",1.60725744652143,2,4.30265272974946,6.91547063968558,262.787884308052,8.62022459900739,327.568534762281
"hold_nocap",-0.62545451032106,"disjoint 2 x 19gw as 6 clusters, p=-0.63",6,"segment-clustered",1.60725744652143,5,2.57058183563631,4.13158679721919,157.000298294329,5.60953038541372,213.162154645721
"hold_nocap",-0.62545451032106,"disjoint 3 x 13gw, clustered by season, p=-0.63",3,"season-clustered",1.15603579318662,2,4.30265272974946,4.97402056124251,189.012781327215,6.20018168422745,235.606904000643
"hold_nocap",-0.62545451032106,"disjoint 3 x 13gw as 9 clusters, p=-0.63",9,"segment-clustered",1.15603579318662,8,2.30600413520417,2.66582331953238,101.30128614223,3.69341141825945,140.349633893859
