element,GW,expected_goals
5,2,0.025147
5,3,0.019432
5,4,0.460302
5,6,0.462084
5,8,0.201317
5,9,0.051401
5,18,0.018308
5,19,0.832238
5,20,0.379972
5,21,0.240261
5,22,0.118077
5,24,0.030165
5,26,0.086552
5,28,0.020080
5,30,0.011534
5,32,0.119210
5,33,0.028115
5,35,0.962394
5,36,0.208133
5,37,0.017020
6,5,0.062511
6,11,0.360472
6,22,0.093328
6,27,0.433369
6,28,0.506808
7,1,0.779364
7,2,0.226060
7,3,0.118849
7,5,0.083234
7,6,0.066965
7,7,0.137739
7,8,0.067083
7,9,0.055915
7,10,0.079236
7,11,0.362589
7,12,0.104235
7,14,0.110042
7,24,0.119155
7,25,0.045594
7,30,0.084833
7,35,0.389615
7,36,0.372332
8,2,0.430094
8,3,0.082507
8,4,0.077695
8,6,0.320296
8,7,0.151786
8,10,0.117084
8,12,0.545033
8,13,0.141996
8,15,0.130537
8,16,0.113980
8,17,0.073024
8,19,0.587183
8,22,0.058917
8,24,0.269475
8,28,0.621417
10,16,0.064316
10,32,0.051717
11,1,0.017020
11,14,0.059928
11,15,0.078303
11,22,0.094449
11,32,0.011478
12,5,0.037208
12,19,0.033603
16,1,0.124719
16,2,0.237691
16,5,0.043211
16,6,0.094378
16,7,0.756005
16,8,0.104106
16,9,0.013843
16,10,0.714851
16,11,0.447901
16,12,0.095144
16,13,0.296945
16,14,0.581602
16,15,0.538430
16,16,0.030530
16,17,0.257631
16,18,0.623297
16,19,0.499573
16,20,0.029313
16,21,0.134678
16,22,0.316597
16,23,0.073253
16,26,0.497794
16,27,0.799011
16,28,0.017824
16,29,0.113564
16,30,0.147109
16,34,0.079012
16,35,0.175215
16,36,0.039031
16,37,0.150148
17,1,0.117929
17,2,0.035130
17,14,0.023809
17,15,0.117995
17,16,0.099925
17,18,0.124470
17,19,0.337600
17,20,0.015382
17,23,0.107025
17,26,0.034624
17,34,0.021434
17,37,0.090093
18,3,0.125639
18,5,0.261713
18,14,0.524834
18,15,0.032517
18,20,0.079782
18,22,0.111941
18,25,0.039603
18,26,0.357463
18,30,0.086860
18,34,0.034262
18,38,0.188357
19,1,0.054022
19,5,0.092066
19,6,0.039053
19,8,0.582202
19,13,0.077234
19,14,0.084418
19,16,0.416466
19,18,0.506344
19,20,0.091555
19,21,0.025743
19,22,0.602436
19,24,0.103497
19,25,0.040600
19,26,0.940728
19,29,0.058984
19,30,0.032373
19,33,0.590618
19,34,0.176988
19,38,0.429984
20,2,0.125730
20,5,0.072294
20,6,0.334624
20,7,0.125401
20,8,0.739902
20,9,0.416072
20,10,0.157510
20,11,0.030239
20,12,0.325337
20,15,0.726360
20,16,0.044820
20,17,0.376823
20,18,0.484115
20,19,0.566272
20,20,0.069900
20,21,0.086970
20,23,0.060321
20,24,0.011142
20,25,0.127892
20,26,0.180873
20,27,0.157353
20,28,0.030112
20,29,0.095765
20,35,0.188565
20,36,0.616087
20,37,0.083634
21,1,0.135088
21,3,0.024314
21,7,0.358988
21,8,0.021539
21,9,0.128373
21,10,0.470284
21,11,0.073268
21,12,0.354927
21,14,0.135256
21,15,0.092576
21,16,0.470624
21,17,0.025555
21,18,0.234899
21,20,0.445439
21,21,0.049757
21,22,0.055812
21,23,0.135791
21,25,0.025445
21,26,0.036159
21,28,0.032583
21,30,0.050300
21,32,0.077982
22,4,0.521684
22,6,0.030438
22,7,0.168035
22,11,0.606673
22,12,0.090070
22,13,0.617694
22,14,0.961004
22,16,0.056617
22,18,0.080634
22,20,0.049004
22,22,0.304187
22,23,0.715642
22,38,0.615110
24,10,0.044995
24,38,0.018419
25,2,0.045273
25,4,0.220918
25,7,0.012842
25,10,0.024874
26,2,0.028250
26,3,0.025751
26,4,0.161223
26,5,0.025057
26,11,0.250215
26,12,0.028249
26,17,0.136567
26,18,0.144063
26,19,0.630382
26,23,0.154539
26,24,0.783254
26,25,0.020805
26,28,0.060624
26,29,0.020540
26,30,0.140818
26,34,0.107655
27,10,0.046576
27,18,0.098715
27,21,0.401449
27,30,0.266152
27,32,0.018612
30,25,0.159553
30,29,0.186381
30,32,1.298450
30,33,1.675053
30,37,0.569385
30,38,0.630411
31,16,0.122747
31,17,0.030488
31,18,0.140037
31,19,0.089225
31,20,0.033202
31,21,0.110479
31,22,0.809865
31,23,0.026102
31,24,1.016293
31,25,0.016739
31,32,0.112284
31,38,1.163381
36,3,0.017883
36,5,0.036237
36,6,0.010299
36,7,0.014968
36,8,0.042669
36,9,0.040919
36,10,0.032830
36,11,0.011771
36,12,0.055254
36,13,0.032652
36,15,0.378471
36,17,0.055431
36,21,0.025408
36,23,0.068138
36,24,0.121763
36,25,0.062874
36,27,0.016381
36,31,0.053706
36,32,0.014733
36,33,0.015009
36,37,0.016913
37,4,0.063402
37,6,0.050593
37,7,0.105655
37,9,0.056533
37,13,0.068300
37,16,0.032662
37,18,0.110200
37,21,0.023187
37,22,0.037183
37,31,0.045621
37,34,0.015427
37,37,0.040524
38,7,0.021509
38,14,0.163955
38,21,0.057264
38,22,0.067903
38,24,0.330384
38,26,0.083468
38,27,0.053158
38,31,0.213856
39,2,0.018939
39,3,0.071586
39,8,0.019839
39,12,0.040425
39,14,0.080497
39,15,0.044437
39,17,0.039726
39,18,0.249393
39,20,0.081064
39,21,0.030105
39,22,0.012724
39,24,0.100897
39,26,0.037284
39,28,0.127571
39,32,0.178934
39,36,0.039605
39,38,0.026609
40,2,0.117362
40,4,0.121173
40,25,0.075340
40,26,0.053518
40,27,0.078961
40,30,0.422377
40,33,0.067842
40,35,0.440860
41,2,0.062156
41,7,0.021205
41,13,0.349589
41,23,0.088435
41,24,0.062242
41,28,0.036474
41,37,0.463206
41,38,0.377656
47,2,0.098925
47,3,0.087028
47,4,0.056773
47,7,0.364175
47,8,0.023333
47,10,0.116236
47,11,0.066634
47,12,0.200788
47,13,0.085044
47,15,0.059513
47,16,0.507905
47,17,0.976978
47,18,0.051256
47,19,0.069926
47,20,0.202440
47,21,0.154597
47,22,0.388026
47,23,0.081566
47,24,0.174240
47,25,0.226017
47,26,0.230798
47,27,0.047262
47,28,0.122631
47,29,0.143587
47,30,0.053497
47,31,0.685131
47,32,0.499999
47,33,0.493989
47,34,0.158674
47,35,0.024561
47,36,0.112238
47,37,0.032815
48,2,0.055616
48,3,0.084608
48,11,0.040247
48,12,0.071443
48,13,0.031990
48,15,0.607501
48,17,0.018149
48,21,0.536698
48,22,0.042494
48,32,0.012271
48,34,0.070436
48,36,0.065974
48,37,0.053509
48,38,0.007606
49,23,0.040864
49,24,0.118888
49,27,0.045587
49,28,0.040682
49,30,0.051183
49,38,0.355766
50,2,0.101425
50,3,0.030549
50,4,0.085745
50,5,0.087716
50,6,0.603769
50,8,0.028881
50,9,0.013093
50,11,0.191895
50,12,0.074240
50,15,0.726879
50,18,0.018214
50,20,0.174499
50,21,0.047802
50,22,0.049179
50,23,0.144708
50,24,0.406840
50,25,0.070030
50,26,0.019732
50,27,0.094651
50,30,0.113219
50,33,0.080848
50,34,0.051972
50,35,0.087809
50,36,0.045888
50,37,0.043151
50,38,0.100868
52,3,0.051868
52,13,0.232635
52,15,0.104153
52,23,0.078619
52,26,0.354223
52,27,0.012744
52,28,0.047103
52,30,0.077195
52,31,0.013704
52,33,0.059721
52,34,0.035607
52,36,0.050595
53,1,0.058605
53,3,0.284164
53,5,0.048226
53,7,0.750465
53,8,0.079597
53,10,0.052632
53,11,0.489146
53,12,0.287627
53,13,0.415841
53,14,0.619054
53,15,0.302244
53,16,0.008786
53,19,0.978308
54,2,0.037442
54,5,0.067292
54,6,0.289296
54,7,0.037702
54,8,0.049562
54,9,0.146821
54,11,0.040173
54,12,0.034892
54,13,0.039506
54,14,0.021686
54,17,0.270275
54,19,0.818767
54,20,0.349085
54,30,0.042242
54,31,0.027244
54,32,0.070248
54,36,0.327406
54,37,0.034679
54,38,0.064542
55,7,0.112628
55,10,0.095086
55,11,0.089562
55,26,0.032588
55,27,0.055441
55,29,0.010013
55,30,0.367047
55,31,0.038591
55,32,0.026704
55,33,0.264720
55,36,0.640525
55,37,0.033037
58,1,0.161698
58,7,0.012654
58,11,0.027720
58,13,0.043175
58,15,0.116206
58,18,0.549031
58,21,0.060803
59,2,0.090286
59,11,0.033017
59,14,0.559221
59,26,0.037244
59,27,0.484476
59,28,0.469068
59,30,0.068092
59,31,0.355691
59,32,0.017962
59,33,0.444367
64,1,0.073810
64,2,0.322812
64,3,0.499747
64,6,0.273532
64,7,0.161345
64,8,0.081277
64,9,0.162752
64,11,0.781427
64,12,0.490591
64,14,0.941505
64,15,0.657668
64,17,0.560802
64,18,1.107747
64,19,1.456784
64,20,0.475059
64,21,0.968900
64,22,0.084817
64,23,0.796155
64,25,0.089090
64,26,0.014739
64,27,0.161259
64,28,0.085508
64,29,0.353503
64,31,0.923935
64,32,0.308206
64,33,1.727062
64,34,0.148827
64,35,0.009417
64,36,0.345836
64,37,1.995947
64,38,1.320538
72,3,0.018824
72,8,0.016638
72,12,0.018158
72,16,0.027983
72,17,0.559548
72,18,0.024926
72,19,0.008678
72,23,0.572931
72,24,0.035003
72,25,0.223183
72,27,0.032765
72,28,0.013656
72,30,0.068838
72,31,0.031151
72,33,0.056164
74,3,0.015421
74,7,0.027312
74,9,0.016534
74,10,0.016497
74,11,0.067146
74,13,0.043149
74,15,0.069224
74,19,0.071323
74,26,0.013882
74,27,0.015245
74,31,0.013071
74,33,0.916695
74,36,0.550336
77,4,0.060815
77,5,0.007992
77,19,0.014402
77,22,0.014906
77,23,0.058293
77,29,0.400316
77,30,0.140989
77,33,0.077291
77,37,0.102210
81,2,0.094321
81,4,0.093098
81,5,0.119470
81,7,0.015552
81,9,0.071774
81,11,0.012145
81,16,0.016788
81,17,0.027806
81,18,0.737232
81,19,0.792786
81,20,0.052821
81,38,0.083351
82,1,0.774056
82,2,1.157804
82,3,0.519980
82,4,0.776111
82,5,0.091374
82,6,0.144204
82,7,0.536576
82,8,0.159819
82,9,0.033996
82,10,0.017466
82,11,0.702664
82,13,0.196385
82,14,0.197174
82,15,0.224562
82,16,0.045404
82,17,0.118096
82,18,0.987732
82,19,0.457816
82,20,0.069109
82,21,0.112498
82,22,0.029403
82,23,0.295858
82,24,0.448336
82,25,0.114093
82,26,0.569736
82,27,0.303257
82,28,0.668737
82,29,0.511783
82,30,0.076712
82,32,0.365181
82,33,0.273644
82,35,0.101113
82,36,0.361657
82,37,0.019867
82,38,0.387927
83,2,0.939315
83,3,0.089509
83,5,0.130697
83,6,0.337948
83,8,0.538264
83,9,0.989177
83,10,0.086657
83,11,0.062061
83,13,0.433299
83,14,0.048245
83,16,0.081192
83,23,0.932197
83,24,0.057173
83,25,0.181305
83,26,0.056642
83,27,0.553997
83,28,0.045222
83,29,0.089909
83,30,0.030620
83,32,0.176789
83,33,0.507216
83,34,0.533039
83,35,0.044822
83,37,0.872103
83,38,0.208665
84,1,0.366064
84,2,0.099345
84,3,0.439698
84,4,0.036327
84,5,0.054227
84,9,0.129689
84,10,0.013942
84,11,0.216474
84,12,0.847235
84,13,0.196338
84,15,0.159291
84,16,0.821327
84,17,0.098113
84,18,0.024859
84,19,0.031606
84,20,0.230534
84,21,0.015663
84,22,0.713379
84,28,0.221290
84,29,1.194637
84,30,0.123989
84,31,0.457277
84,32,0.018846
84,33,1.495256
84,35,0.143582
84,36,0.131535
84,38,0.394888
85,2,0.028784
85,3,0.045815
85,5,0.034468
85,6,0.025297
85,7,0.017636
85,8,0.022925
85,10,0.587423
85,13,0.011969
85,32,0.066918
85,38,0.016336
86,1,0.106827
86,2,0.123982
86,3,0.263306
86,4,0.104182
86,6,0.053529
86,9,0.045938
86,10,0.010154
86,11,0.040860
86,12,0.145809
86,13,0.031594
86,16,0.523819
86,17,0.760376
86,18,0.335767
86,19,1.700808
86,20,0.114110
86,21,0.072435
86,27,0.099355
86,30,0.550932
86,31,0.035395
86,33,0.304374
86,35,0.041242
86,37,0.572647
87,2,0.100043
87,5,0.017483
87,6,0.045901
87,8,0.733145
87,12,0.168967
87,23,0.026637
87,25,0.145581
87,26,0.015498
87,28,0.065392
87,29,0.021763
87,30,0.026293
87,31,0.094193
87,32,0.014354
87,33,0.177848
88,11,0.015744
88,12,0.012679
88,18,0.026638
90,2,0.043175
90,3,0.042156
90,4,0.050648
90,5,0.054433
90,7,0.082913
90,8,0.049451
90,9,0.150951
90,11,0.094395
90,12,0.044884
90,13,0.043306
90,15,0.048035
90,16,0.066251
90,18,0.272290
90,19,0.063514
90,21,0.016273
90,22,0.111134
90,23,0.101899
90,24,0.662824
90,25,0.149472
90,27,0.079888
90,28,0.390612
90,29,0.128342
90,30,0.009188
90,31,0.055910
90,32,0.332550
90,33,0.051402
90,35,0.035213
97,1,0.205178
97,3,0.615150
97,4,0.165238
97,5,0.082752
97,6,0.050163
97,7,0.552010
97,11,0.693007
97,12,0.628964
97,13,0.781935
97,15,0.812876
97,16,0.416462
97,18,0.132310
97,19,0.057646
97,20,0.356840
97,21,0.105536
97,22,0.603410
97,23,1.133062
97,25,0.627071
97,26,0.103243
97,28,0.372581
97,30,0.505132
97,31,0.081726
97,32,0.055845
97,33,0.857944
97,35,0.197245
97,36,0.073448
97,37,0.605971
97,38,0.048058
98,12,0.446003
98,13,0.049978
98,19,0.348650
98,21,0.175646
98,26,0.116561
98,28,0.332977
98,30,0.503499
98,35,0.037195
98,36,0.074105
98,38,0.062859
100,6,0.507701
100,8,0.907778
100,9,0.164314
100,10,0.185201
100,12,0.604672
100,16,0.356220
100,17,0.079029
100,20,0.018645
100,21,0.604553
100,22,0.081638
100,24,0.078289
100,25,0.402149
100,27,0.016425
100,28,0.173758
100,29,0.337984
100,30,0.223465
100,31,0.712034
100,32,0.799866
100,33,0.604637
100,35,0.931317
100,36,0.038878
100,37,0.154607
100,38,0.185805
106,1,0.012176
106,5,0.047170
106,6,0.266635
106,8,0.093563
106,9,0.080221
106,11,0.033888
106,13,0.880024
106,16,0.016765
106,19,0.092329
106,20,0.523980
106,24,0.039046
106,27,0.070504
106,31,0.023927
106,32,0.230217
106,33,0.198248
106,37,0.084240
107,1,0.059672
107,8,0.037139
107,12,0.017940
107,14,0.061263
107,16,0.072989
107,17,0.668597
107,19,0.143357
107,21,0.076217
107,22,0.029003
107,25,0.117893
107,26,0.475715
107,27,0.039602
107,30,0.052268
107,31,0.071355
107,32,0.011578
107,33,0.557932
107,34,0.069840
107,35,0.335298
107,37,0.047872
107,38,0.022292
108,4,0.080228
108,5,0.067868
108,8,0.108032
108,9,0.059747
108,10,0.404440
108,18,0.131632
108,24,0.112473
108,27,0.008488
109,3,0.020798
109,4,0.080468
109,15,0.015019
109,19,0.010620
109,24,0.007557
110,7,0.017355
110,9,0.067920
110,12,0.092738
110,18,0.044952
110,26,0.051387
110,30,0.370961
110,32,0.053977
110,34,0.379962
111,31,0.008488
113,1,0.196259
113,6,0.966212
113,8,0.090413
113,11,0.680912
113,12,0.032465
113,13,0.049742
113,14,0.012362
113,23,0.030165
113,26,0.060421
113,27,0.198857
113,28,0.140709
113,29,0.265463
113,30,0.128423
113,35,0.154923
113,37,0.069386
116,7,0.014677
116,11,0.103609
116,13,0.345765
116,22,0.029572
116,36,0.013971
119,1,0.357207
119,3,0.649324
119,4,0.654562
119,5,0.123692
119,7,0.116101
119,8,0.830370
119,9,0.820947
119,10,0.048374
119,11,0.354916
119,12,0.106153
119,13,0.693270
119,14,0.067049
119,15,0.926842
119,16,0.280872
119,22,0.835726
119,23,0.291116
119,24,0.339439
119,25,0.202858
119,26,0.093824
119,27,0.637685
119,29,0.383967
119,30,0.084983
119,31,0.013810
119,32,0.063398
119,35,0.304005
119,36,0.018931
119,37,2.140412
119,38,0.846407
120,2,0.071754
120,3,0.845159
120,4,0.325437
120,5,0.075789
120,6,0.024561
120,8,0.605051
120,9,0.559214
120,11,0.461515
120,12,0.031055
120,14,0.398831
120,17,0.440024
120,18,1.980998
120,20,0.390793
120,21,0.529598
120,22,0.536286
120,23,0.123501
120,24,0.041912
120,28,1.258568
120,29,0.244085
120,31,0.069512
120,32,0.603109
120,33,0.176020
120,37,0.129126
120,38,1.001310
121,2,0.031024
121,3,0.021442
121,5,0.385786
121,8,0.036591
121,9,0.062300
121,10,0.159313
121,13,0.119938
121,17,0.334330
121,21,0.117842
121,22,0.016983
121,27,0.249568
121,28,0.242749
121,30,0.092174
121,32,0.016003
121,33,0.287287
121,34,0.155919
121,35,0.373250
121,37,0.043287
123,1,0.037707
123,4,0.598860
124,2,0.027664
124,9,0.018544
124,10,0.013716
124,11,0.007908
124,16,0.441161
125,7,0.070654
125,10,0.046731
125,14,0.023567
125,18,0.017918
125,19,0.111820
125,20,0.010832
125,22,0.039345
125,23,0.067707
125,25,0.236862
125,27,0.066789
126,1,0.069360
126,6,0.050447
126,8,0.111375
126,11,0.028621
126,16,0.031325
126,18,0.016952
126,20,0.007751
126,21,0.099073
126,22,0.402449
126,24,0.032549
126,25,0.253631
126,27,0.032483
126,28,0.050675
126,29,0.022118
126,31,0.055262
126,32,0.070854
126,34,0.064858
126,35,0.014001
126,36,0.017704
126,38,0.034677
129,1,0.040398
129,2,0.021628
129,3,0.015872
129,6,0.069031
129,7,0.012279
129,11,0.058798
129,12,0.039684
129,18,0.141180
129,19,0.020679
129,21,0.586182
129,22,0.125061
129,23,0.115593
129,35,0.023200
130,22,0.031795
130,25,0.031024
130,28,0.033837
135,18,0.095604
135,19,1.239929
135,20,0.103470
135,21,0.142709
135,23,0.027010
135,25,0.598215
135,28,0.027669
135,34,0.429972
135,35,0.324712
136,1,0.816272
136,2,0.179352
136,3,0.342119
136,5,0.055715
136,6,0.858197
136,7,0.525470
136,8,1.608431
136,9,1.182705
136,11,1.089583
136,12,1.816824
136,13,1.629118
136,15,0.419376
136,18,0.199798
136,19,0.134740
136,20,1.883872
136,21,1.757363
136,22,0.151327
136,23,0.580928
136,25,0.702664
136,26,1.028135
136,27,0.340032
136,28,0.486190
136,30,1.641047
136,31,0.050449
136,32,0.928029
136,33,0.429304
136,35,1.155670
136,36,0.586862
136,37,0.122636
136,38,0.089871
143,22,0.019123
145,6,0.448356
145,7,0.020750
145,8,0.043759
145,9,0.025158
145,13,0.372959
145,14,0.044272
145,17,0.042095
145,19,0.037367
145,20,0.065144
145,25,0.367897
145,37,0.118568
145,38,0.021625
146,1,0.028415
146,3,0.037512
146,5,0.014520
146,6,0.094602
146,7,0.061771
146,8,0.013290
146,9,0.075373
146,15,0.030499
146,19,0.014403
146,20,0.063191
146,22,0.054437
146,23,0.128939
146,25,0.121739
146,27,0.034356
146,30,0.063587
146,36,0.320909
146,37,0.076588
148,5,0.072133
148,7,0.095995
148,9,0.038659
148,12,0.036852
148,13,0.117972
148,16,0.042069
148,17,0.059706
148,19,0.087119
148,21,0.270034
148,22,0.030537
148,23,0.258710
148,26,0.013939
148,27,0.014700
148,28,0.036672
148,30,0.059646
148,31,0.023183
148,32,0.015522
148,33,0.531520
148,37,0.035290
148,38,0.024130
151,2,0.020320
151,3,0.567387
151,6,0.031489
151,7,0.049894
151,10,0.109011
151,11,0.035805
151,14,1.223473
151,15,0.047998
151,20,0.078928
151,21,0.010449
151,22,0.066260
151,23,0.069100
151,30,0.089786
151,31,0.038729
151,33,0.140651
151,37,0.521153
152,19,0.739215
152,20,0.087107
152,22,0.052580
152,37,0.103576
157,1,0.074546
157,2,0.070587
157,3,0.097271
157,4,0.153090
157,5,0.198691
157,16,0.273748
157,19,0.086225
157,21,0.126301
157,22,0.050408
157,23,0.269396
157,24,0.391707
157,26,0.132875
157,27,0.392011
157,28,0.440528
157,29,0.281565
157,31,0.281203
157,33,0.472836
157,35,0.082421
157,36,0.545668
158,1,0.051178
158,3,0.064907
158,7,0.178160
158,8,0.036363
158,10,0.026756
158,12,0.034938
158,13,0.442144
158,15,0.599911
158,16,0.013913
158,17,0.217567
158,19,0.123075
158,20,0.273663
158,22,0.025383
158,24,0.065031
158,25,0.023863
158,29,0.087849
158,32,0.027192
158,33,0.193631
158,37,0.141897
158,38,0.080376
159,38,0.052153
160,1,0.130530
160,2,0.032247
160,3,0.133181
160,4,0.322668
160,5,0.627860
160,6,0.185543
160,7,0.012318
160,8,0.162482
160,9,0.038494
160,10,0.277955
160,11,0.116048
160,12,0.189874
160,13,0.016140
160,14,0.084259
160,15,0.050259
160,16,0.135394
160,18,0.060578
160,19,0.151009
160,22,0.026952
160,23,0.041368
160,24,0.036404
160,30,0.040525
160,31,0.507411
160,32,0.094137
160,33,0.052085
160,35,0.510783
160,36,0.350679
162,1,0.289507
162,2,0.060141
162,3,0.435959
162,5,0.032976
162,7,0.563444
162,14,0.031775
162,15,0.007325
162,16,0.050329
162,17,0.106876
162,20,0.036478
162,22,0.021415
163,12,0.042119
163,14,0.193200
163,18,0.052378
163,22,0.313788
163,26,0.119499
163,27,0.067448
163,28,0.298607
163,29,0.154610
163,30,0.427186
163,31,0.027154
163,32,0.240305
163,33,1.001597
163,35,0.799435
163,36,0.446109
163,37,0.212573
164,1,0.702664
164,2,0.349456
166,2,0.149460
166,5,0.191759
166,6,0.044099
166,7,0.026825
166,8,0.104222
166,9,0.068309
166,10,0.216067
166,11,0.016634
166,13,0.062928
166,16,0.052013
166,17,0.355226
166,18,0.187666
166,19,0.118947
166,20,0.123658
166,23,0.071334
166,31,0.116517
166,33,0.049491
167,1,0.017787
167,4,0.021597
167,6,0.011925
167,8,0.032067
167,9,0.027118
167,10,0.009830
167,12,0.009867
167,16,0.060866
167,22,0.075654
167,23,0.043189
167,29,0.049186
167,35,0.034577
167,36,0.086452
167,37,0.021224
167,38,0.027943
168,23,0.040922
168,38,0.028403
169,1,0.022756
169,5,0.025529
169,6,0.076808
169,7,0.090241
169,9,0.030987
169,10,1.210176
169,11,0.419587
169,12,0.019613
169,13,0.296930
169,15,0.141835
169,16,0.809687
169,18,0.291502
169,19,0.053817
169,20,0.084392
169,21,0.698734
169,22,0.058307
169,27,0.072908
169,28,0.049392
169,30,0.132552
169,31,0.531656
169,32,0.046090
169,37,0.592883
169,38,0.168091
170,3,0.702664
170,17,0.020600
170,19,0.016789
170,26,0.077809
170,27,0.032328
170,31,0.053955
172,9,0.022806
173,1,0.012009
173,7,0.065417
173,8,0.034280
173,12,0.029812
173,13,0.183906
173,15,0.561786
173,16,0.062922
173,18,0.082292
173,28,0.048498
173,29,0.275366
173,30,0.132461
173,31,0.143235
173,32,0.147304
178,2,1.242414
178,4,0.079536
178,5,0.133232
178,6,1.303912
178,8,0.366397
178,9,0.181763
178,10,0.588468
178,12,0.542565
178,13,0.080344
178,14,0.162570
178,15,0.051789
178,19,1.423742
178,23,0.969019
178,24,0.612849
178,26,0.031997
178,27,0.575582
178,28,0.216795
178,30,0.041733
178,31,1.456758
178,32,0.418886
178,33,0.784881
178,35,0.154982
178,36,0.166814
178,37,0.154278
180,6,0.104224
180,7,0.119809
180,9,0.025853
180,13,0.327081
181,9,0.339832
181,14,0.073477
181,15,0.456137
181,16,0.059203
181,17,0.046545
181,20,0.507403
181,22,0.070203
181,25,0.177908
181,33,0.098814
181,35,0.081856
181,37,0.045528
181,38,0.126602
187,1,0.012759
187,6,0.019242
187,7,0.042358
187,35,0.011531
190,4,0.007050
190,5,0.417795
190,15,0.017545
190,18,0.048669
190,33,0.070404
191,1,0.041828
191,5,0.068232
191,6,0.017460
191,16,0.061613
191,24,0.018001
191,27,0.091166
191,28,0.083959
191,33,0.034637
192,3,0.030351
192,5,0.009082
192,6,0.019040
192,9,0.012480
192,12,0.017410
192,13,0.020483
192,31,0.013376
192,33,0.226230
193,18,0.109675
193,23,0.035864
193,25,0.007263
193,26,0.030842
193,30,0.226894
193,32,0.018899
193,35,0.056259
195,17,0.042279
195,18,0.033024
195,19,0.112595
195,20,0.053960
195,21,0.040712
195,22,0.055706
195,24,0.066248
195,29,0.035081
195,38,0.393662
197,1,0.015591
197,16,0.261886
197,20,0.068979
198,23,0.515358
199,28,0.035172
200,1,0.196671
200,2,0.713746
200,3,0.591665
200,4,0.135694
200,5,0.363146
200,6,0.097315
200,9,0.055715
200,11,0.056564
200,12,0.128922
200,14,0.066698
200,20,0.045404
200,21,0.084521
200,22,0.290446
200,23,0.034067
200,24,0.010447
200,25,0.080152
200,26,0.117537
200,27,0.083807
200,28,0.234611
200,29,0.024703
200,30,0.429173
200,31,0.102573
200,32,0.391681
200,33,0.130719
200,35,0.115941
200,36,0.462763
200,37,0.014793
200,38,0.077288
202,2,0.066011
202,3,0.038730
202,8,0.038167
202,9,0.030153
202,11,0.078102
202,14,0.083705
202,15,0.052578
202,16,0.293659
202,18,0.470942
202,26,0.038094
202,27,0.090836
202,38,0.041067
205,2,0.047241
205,7,0.018153
205,9,0.049097
205,11,0.650746
205,14,0.035586
205,15,0.024195
205,16,0.034824
205,17,0.018314
205,18,0.058114
206,10,0.054876
206,11,0.050444
206,14,0.149465
206,16,0.019106
206,19,0.562857
206,21,0.090955
206,22,0.142507
206,25,0.708550
206,27,0.227315
206,30,0.028879
206,32,0.045953
206,38,0.027087
207,1,0.037513
207,2,0.016177
207,3,0.102145
207,11,0.005543
207,13,0.039065
207,21,0.026721
207,25,0.013411
207,26,0.077221
207,27,0.032195
207,28,0.028628
207,30,0.036322
207,35,0.013998
207,36,0.029350
207,37,0.085396
207,38,0.148502
209,1,0.077340
209,4,0.012381
209,6,0.033817
209,18,0.031057
209,19,0.080415
209,25,0.091437
209,26,0.049868
209,27,0.099492
209,31,0.475899
209,35,0.011750
210,2,0.049863
210,3,0.072488
210,5,0.095483
210,6,0.067749
210,8,0.022938
210,11,0.028636
210,12,0.115283
210,19,0.309322
210,20,0.067970
210,31,0.094545
210,33,0.009738
210,35,0.121665
210,36,0.047808
210,37,0.045955
210,38,0.012812
215,5,0.068581
215,7,0.015647
215,9,0.700361
215,10,0.032002
215,11,0.515197
215,12,0.277438
215,13,0.747298
215,14,0.023937
215,15,0.932203
215,16,0.073083
215,24,0.013215
215,25,0.744985
215,26,0.324578
215,27,0.278196
215,28,0.263829
215,30,0.723817
215,31,1.091169
215,32,0.208626
215,33,0.763888
215,36,0.909250
215,38,0.113098
216,35,0.056348
216,36,0.103179
217,1,0.241644
217,3,0.435328
217,5,0.032214
217,6,0.219451
217,9,0.336564
217,14,0.351179
217,15,0.015779
217,16,0.023405
217,23,0.740501
217,29,0.643859
217,30,0.108916
217,33,0.167242
218,19,0.106519
218,38,0.282346
224,1,0.051641
224,4,0.037182
224,5,0.026087
224,6,0.020217
224,9,0.080771
224,10,0.046901
224,11,0.034686
224,12,0.184701
224,15,0.033485
224,23,0.096598
224,24,0.531397
224,25,0.084422
224,31,0.049931
224,32,0.396029
224,35,0.032905
224,36,0.034175
225,3,0.030719
225,4,0.014454
225,6,0.037011
225,8,0.487058
225,10,0.089658
225,13,0.018826
225,16,0.090115
225,17,0.090718
225,18,0.090473
225,29,0.044997
225,30,0.123492
225,38,0.016111
226,1,0.121070
226,2,0.589730
226,3,0.052702
226,4,0.042436
226,5,0.276394
226,9,0.013262
226,12,0.014096
226,13,0.031313
226,16,0.042782
226,19,0.079270
226,30,0.316104
226,33,0.015027
226,35,0.105758
228,1,0.014104
228,7,0.017350
228,8,0.021816
228,11,0.579340
228,12,0.092841
228,16,0.536061
228,19,0.108790
228,25,0.300371
228,26,0.057126
228,35,0.064771
230,11,0.086194
230,13,0.069182
230,29,0.117189
230,30,0.030127
230,31,0.040974
230,33,0.154987
231,28,0.525694
232,5,0.032928
232,14,0.033923
233,1,0.075185
233,8,0.528480
233,38,0.015691
235,1,0.206335
235,4,0.275958
235,14,0.096893
235,15,0.055859
235,16,0.311126
235,17,0.026759
235,18,0.188729
235,19,0.752342
235,20,0.073561
235,21,0.064835
235,22,0.739278
235,24,0.550104
235,25,1.949869
235,26,1.448298
235,27,0.539602
235,28,0.017205
235,29,0.155459
235,30,0.252698
235,31,0.014153
235,32,0.276874
235,33,0.195009
235,35,0.821017
235,37,0.178216
235,38,0.278931
236,1,0.017529
236,2,0.406651
236,4,0.079952
236,6,0.099843
236,7,0.052265
236,8,0.149630
236,10,0.267926
236,11,0.640078
236,12,0.384512
236,13,0.199422
236,14,0.266373
236,15,0.050292
236,16,0.079227
236,17,0.179452
236,18,0.015770
236,20,0.595157
236,21,0.118504
236,22,0.086290
236,25,0.483446
236,27,0.144007
236,28,0.093641
236,31,0.030509
236,32,0.044646
236,33,0.118571
236,37,0.150156
237,2,1.102402
237,3,0.702664
237,4,0.057809
237,6,1.411381
237,7,0.312940
237,9,0.159665
237,10,0.606950
237,11,0.207082
237,12,0.596487
237,13,0.081840
237,14,0.087394
237,15,0.145386
237,16,0.176969
237,18,0.150619
237,19,0.218371
237,20,1.536345
237,21,0.059130
237,23,0.790375
237,24,0.242072
237,25,0.439057
237,26,0.124997
237,27,0.063072
237,28,0.021007
237,29,0.053175
237,30,0.102883
237,31,0.747872
237,33,0.283116
237,35,0.156740
237,36,0.317657
237,37,0.045764
238,1,0.091232
238,2,0.440100
238,3,0.245177
238,6,0.266032
238,7,0.600172
238,8,0.104860
238,9,0.060606
238,13,0.104504
238,14,0.080532
238,19,0.220097
238,20,0.093283
238,23,1.022679
238,26,0.143056
238,33,0.103940
239,1,0.039306
239,3,0.046293
239,4,0.018376
239,7,0.021987
239,10,0.440211
239,12,0.058876
239,14,0.035015
239,16,0.071656
239,18,0.092155
241,1,0.035996
241,2,0.461756
241,3,0.087588
241,4,0.043002
241,5,0.020927
241,6,0.036281
241,7,0.040274
241,9,0.043221
241,17,0.017213
241,18,0.026530
241,21,0.169960
241,23,0.044399
241,24,0.089170
241,25,0.032572
241,27,0.028262
241,28,0.021589
241,31,0.061767
241,32,0.022161
241,33,0.051767
241,38,0.078867
242,3,0.124747
242,4,0.037117
242,5,0.122381
242,6,0.109348
242,9,0.123592
242,10,0.083810
242,11,0.071244
242,12,0.058980
242,13,0.629972
242,15,0.153228
242,24,0.425394
242,25,0.151720
242,26,0.080119
242,27,0.067685
242,29,0.514727
242,30,0.052292
242,31,0.114804
242,32,0.522784
242,34,0.078938
242,35,0.040785
242,36,0.389401
242,37,0.019635
242,38,0.024552
243,3,0.421605
243,4,0.030905
243,9,0.049155
243,25,0.054924
243,27,0.040119
243,32,0.075344
243,34,0.062584
243,38,0.030529
244,31,0.211167
244,33,0.024751
244,35,0.019526
246,1,0.392974
246,5,0.077394
246,8,0.358657
246,12,0.035693
246,16,0.063023
246,21,0.655838
246,32,0.160671
246,35,0.051602
246,37,0.562907
249,1,0.184547
249,2,0.547075
249,3,0.605831
249,4,0.098184
249,7,0.024877
249,8,0.054192
249,10,1.579559
249,11,0.576011
249,12,0.139477
249,13,0.201780
249,14,0.016864
249,16,0.099025
249,17,0.381279
249,18,1.217510
249,19,0.115484
249,22,0.163348
249,23,0.898793
249,24,0.529718
249,25,0.113695
249,26,1.082844
249,27,1.415482
249,28,0.569577
249,29,2.188379
249,30,0.175400
249,31,0.091187
249,32,0.226841
249,35,0.554506
249,36,0.199451
249,38,0.464275
250,1,0.040856
250,2,0.122516
250,3,0.052863
250,11,0.124390
250,12,0.081976
250,13,0.024178
250,14,0.201960
250,15,0.091492
250,19,0.659275
250,20,0.178157
250,21,1.013257
250,24,0.999939
250,25,0.073113
250,26,0.112012
250,27,0.066168
250,30,0.460267
250,33,0.164299
250,35,0.105162
250,37,0.071596
252,2,0.038202
252,7,0.037113
252,8,0.656969
252,9,0.149101
252,11,1.140653
252,14,0.072456
252,15,0.171658
252,33,0.048251
256,1,0.056690
256,4,0.104876
256,5,0.165251
256,6,0.252272
256,7,0.251082
256,8,0.054200
256,12,0.479034
256,14,0.416701
256,24,0.034968
256,26,0.078637
256,29,0.060449
256,32,0.601172
256,34,0.066558
256,37,0.093895
256,38,0.189334
257,1,0.399137
257,2,0.050983
257,5,0.451979
257,8,0.065607
257,9,0.010079
257,11,0.113071
257,13,0.085387
257,18,0.069428
257,19,0.610297
257,20,0.023203
257,22,0.075409
257,23,0.146665
257,24,0.036971
257,25,0.089661
257,26,0.078979
257,28,0.024047
257,30,0.187165
257,34,0.184380
257,36,0.063354
257,37,0.009923
258,5,0.429859
258,7,0.038876
258,8,0.029599
258,18,0.025929
258,21,0.090178
258,22,0.412400
258,26,0.134329
258,27,0.058688
258,28,0.017564
258,33,0.095403
258,36,0.349048
258,37,0.150303
259,34,0.036044
260,2,0.229756
260,3,0.046747
260,4,0.021582
260,5,0.074954
260,7,0.531635
260,8,0.079667
260,9,0.056460
260,15,0.475371
260,16,0.070925
260,18,0.126260
260,19,0.571966
260,20,0.111345
260,23,0.037277
260,24,0.300906
260,25,0.037450
260,28,0.447938
260,29,0.082551
260,30,0.591175
260,32,0.244969
260,33,0.021241
260,35,0.042753
260,36,0.133362
261,1,0.033450
261,4,0.075130
261,7,0.044590
261,8,0.018835
261,13,0.040035
261,23,0.394819
261,26,0.176198
261,27,0.054720
261,30,0.050706
261,34,0.433361
261,36,0.322685
262,23,0.116719
262,27,0.008750
262,37,0.047176
262,38,0.085784
263,15,0.093950
263,16,0.109972
263,19,0.045477
266,1,0.166008
266,4,0.077935
266,5,0.023258
266,6,0.277879
266,7,0.317871
266,8,0.016916
266,9,0.080152
266,10,0.106997
266,11,0.261649
266,12,0.560162
266,25,0.069779
266,26,0.112357
266,27,1.113732
266,28,0.229750
266,30,0.145461
266,33,0.054875
266,34,0.094734
266,35,0.118917
266,36,0.081300
266,37,0.222368
266,38,0.305848
267,2,0.463903
267,3,1.333141
267,6,0.957291
267,7,0.125165
267,8,0.354329
267,9,0.043734
267,10,0.430275
267,11,0.127126
267,12,0.148682
267,16,0.109592
267,23,0.744479
267,24,0.829731
267,25,0.459611
267,26,0.078918
267,27,0.384753
267,28,0.109243
267,29,1.005533
267,32,0.064846
267,34,0.395827
267,35,0.293549
267,36,1.195235
267,37,1.001108
270,2,0.095524
270,4,0.040585
270,16,0.041093
270,18,0.050680
270,19,0.083424
270,20,0.518964
270,21,0.046402
270,24,0.232657
270,26,0.041142
270,28,0.032302
271,4,0.044601
271,5,0.115459
271,7,0.074681
271,10,0.050816
271,11,0.180705
271,12,0.058328
271,13,0.112945
271,15,0.028130
271,26,0.437496
271,27,0.066797
271,36,0.107364
271,37,0.095560
272,3,0.295000
272,4,0.014447
272,5,0.069376
272,6,0.036045
272,10,0.031862
272,19,0.083342
272,23,0.427120
272,24,0.290748
272,30,0.018804
272,32,0.672880
272,33,0.079249
272,36,0.019960
273,5,0.021868
273,6,0.017612
273,7,0.035956
273,8,0.039309
273,9,0.012100
273,11,0.041917
273,12,0.040874
273,13,0.028730
273,15,0.021865
273,16,0.147355
273,17,0.044377
273,18,0.106443
273,21,0.076512
273,25,0.025996
273,26,0.044844
273,27,0.041092
273,29,0.130903
273,30,0.029363
273,36,0.061238
273,37,0.095188
276,2,0.043724
276,5,0.065647
276,7,0.157802
276,13,0.062807
276,17,1.049204
276,18,0.203927
276,19,0.136121
276,21,0.353470
283,1,0.302527
283,2,0.133294
283,3,0.702664
283,4,0.619453
283,5,0.648725
283,6,0.838307
283,7,0.771094
283,8,3.544475
283,9,0.129129
283,10,0.092343
283,11,0.076181
283,12,0.428611
283,13,1.075057
283,14,0.495172
283,15,0.147107
283,16,0.214128
283,17,0.067829
283,18,0.179987
283,19,0.488140
283,20,0.130218
283,22,0.437034
283,23,0.390181
283,30,0.052128
283,32,1.067112
283,34,0.499907
283,35,0.078259
283,36,0.750838
283,38,0.389477
284,5,0.068963
284,6,0.694600
284,8,0.053284
284,9,0.072090
284,12,0.061381
284,13,0.220728
284,15,0.412962
284,16,0.030978
284,17,0.178640
290,24,0.014560
290,26,0.142125
290,28,0.051618
290,29,0.055504
290,32,0.022332
291,1,0.329555
291,11,0.089869
291,16,0.089168
291,19,0.413925
291,20,0.180603
291,22,0.046109
291,24,0.075879
291,25,0.479665
291,26,0.053318
291,27,0.072889
291,29,0.163149
291,31,0.035400
291,33,0.262211
291,36,0.312300
291,37,0.013228
291,38,0.031289
292,7,0.012875
292,9,0.012510
292,10,0.016959
292,15,0.021657
292,21,0.146885
292,22,0.028027
292,23,0.017221
293,1,0.070612
293,3,0.048927
293,4,0.044051
293,6,0.070498
293,7,0.047899
293,14,0.076029
293,18,0.015241
293,24,0.056742
293,25,0.113429
293,32,0.054683
293,35,0.071450
293,37,0.536857
295,4,0.827310
295,6,0.060408
295,7,0.173879
295,11,0.440038
295,12,0.056943
295,13,0.038186
295,16,0.052286
295,20,0.091148
295,21,1.048573
295,24,0.068379
295,25,0.073748
295,27,0.082654
295,30,0.080443
295,35,0.020575
295,36,0.144107
295,38,0.036062
296,18,0.157115
299,2,0.684439
299,3,0.505830
299,4,0.021515
299,6,0.065970
299,7,0.702664
299,8,0.034831
299,9,0.119798
299,10,0.163263
299,11,0.031588
299,12,0.027222
299,13,0.021722
299,14,0.090112
299,15,0.145613
299,16,0.153444
299,23,0.139776
299,25,0.068390
299,26,0.795693
299,28,0.018433
299,29,0.026603
299,30,0.397262
299,31,0.181828
299,32,0.084552
299,33,0.075805
299,34,0.121174
299,35,0.437194
299,36,0.437818
299,37,0.056129
299,38,0.062908
300,2,0.215849
300,18,0.046475
300,19,0.089059
300,20,0.042651
300,21,0.024119
300,22,0.031749
300,28,0.159568
300,29,0.044029
300,30,0.440692
300,32,0.135881
300,33,0.089129
300,34,0.031605
301,1,0.062752
301,7,0.073062
301,8,0.011264
301,13,0.075184
301,14,0.183362
301,16,0.099758
301,17,0.148298
301,18,0.204376
301,36,0.038204
301,38,0.034993
302,1,0.032771
302,3,0.178680
302,4,0.067339
302,5,0.383735
302,6,0.037445
302,9,0.030056
302,11,0.482920
302,23,0.084411
302,25,0.034347
302,26,0.039111
302,27,0.120592
302,29,0.064322
302,30,0.036723
302,32,0.036260
302,34,0.138369
303,1,0.029662
303,2,0.039737
303,4,0.030467
303,5,0.049335
303,6,0.256679
303,7,0.066615
303,8,0.059524
303,9,0.043398
303,10,0.014619
303,11,0.172005
303,13,0.043858
303,14,0.016040
303,15,0.125519
303,16,0.041872
303,18,0.017144
303,19,0.354818
303,20,0.070208
303,21,0.071261
303,22,0.010704
303,23,0.090221
303,25,0.044313
303,26,0.079094
303,27,0.031435
303,31,0.086730
303,33,0.012923
303,36,0.037522
303,37,0.010569
303,38,0.009835
304,2,0.087094
304,3,0.009686
304,4,0.013514
304,14,0.036999
304,20,0.052239
304,21,0.072535
304,27,0.016357
304,31,0.056670
304,34,0.059416
304,36,0.067124
305,25,0.111793
305,26,0.207483
305,27,0.086079
310,2,0.511917
310,4,0.115636
310,9,0.022002
310,10,0.620894
310,11,0.416486
310,13,0.129113
310,14,0.632320
310,15,0.529121
310,18,0.052252
310,19,0.556151
310,20,0.246478
310,21,0.076358
310,22,0.427464
310,23,0.489887
310,25,0.610350
310,26,0.693424
310,28,0.885766
310,34,0.604537
310,35,0.808266
310,38,0.017674
311,1,0.038645
311,2,0.120240
311,3,0.624797
311,4,0.482006
311,5,0.079213
311,6,0.239434
311,7,0.531082
311,8,0.594172
311,9,0.530471
311,11,0.410328
311,15,0.181999
311,17,0.020143
311,18,0.590736
311,20,0.139128
311,24,0.577313
311,26,0.080012
311,28,1.119696
311,29,0.203218
311,30,0.089958
311,31,0.858797
311,32,0.521124
311,33,0.924698
311,35,0.137176
311,36,0.518678
311,37,0.493154
316,16,0.109912
316,18,0.014342
316,35,0.018950
316,36,0.039977
316,37,0.702664
316,38,0.016289
317,3,0.126929
317,5,0.125468
317,10,0.058362
317,12,0.051497
317,18,0.013346
317,19,0.511017
317,24,0.380900
317,25,0.084620
317,32,0.035890
317,33,0.055485
317,36,0.088256
318,2,0.052665
318,5,0.015740
318,15,0.011291
318,16,0.648724
318,26,0.027349
318,27,0.088480
318,28,0.196729
318,33,0.058421
319,2,0.149894
319,3,0.099178
319,7,0.043394
319,19,0.400712
319,29,0.075611
319,31,0.037819
319,32,0.012282
319,35,0.352078
319,37,0.065548
319,38,0.120658
320,21,0.042865
320,38,0.364884
321,23,0.046915
322,3,0.081770
322,10,0.126623
322,13,0.034041
322,15,0.072697
322,18,0.045554
322,19,0.013229
322,26,0.137969
322,27,0.032276
322,28,0.105533
322,29,0.023069
324,1,0.012987
324,2,0.112237
324,3,0.010872
324,5,0.333910
324,7,0.122343
324,9,0.090758
324,10,0.062272
324,11,0.027427
324,12,0.075122
324,14,0.018683
324,15,0.064565
324,23,0.019002
324,24,0.017567
324,26,0.061300
324,27,0.408966
324,28,0.105837
324,29,0.036492
324,31,0.095040
324,32,0.058084
324,33,0.016746
324,37,0.118047
324,38,0.350241
325,1,0.035512
325,2,0.575764
325,9,0.022683
325,10,0.133525
325,12,0.122902
325,13,0.093142
325,14,0.190993
325,15,0.291271
325,16,0.537483
325,18,0.025838
325,19,0.211167
325,21,0.041042
325,22,0.009202
325,24,0.035357
325,25,0.368574
325,26,0.035949
325,28,0.525356
325,29,0.037051
325,32,0.306509
325,34,0.052431
325,35,0.121493
325,36,0.066718
325,37,0.043280
325,38,0.050649
326,4,0.030746
326,8,0.034204
326,9,0.047669
326,10,0.078085
326,11,0.039842
326,26,0.138441
326,32,0.266458
328,5,0.034007
328,7,0.325266
328,8,0.011642
328,10,0.299781
328,12,0.305016
328,14,0.052490
328,22,0.072640
328,27,0.075570
328,28,0.105412
328,29,0.037421
328,33,0.203728
328,34,0.367886
329,1,0.038714
329,3,0.057941
329,4,0.072714
329,5,0.340582
329,6,0.138509
329,7,0.059274
329,8,0.209323
329,10,0.234899
329,11,0.026741
329,12,0.327084
329,13,0.129362
329,15,0.078005
329,16,0.227552
329,17,0.020037
329,18,0.131761
329,19,0.100553
329,20,0.315853
329,21,0.610297
329,22,0.039349
329,23,0.064999
329,24,0.100116
329,25,0.090371
329,26,0.061011
329,27,0.092313
329,28,0.651436
329,30,0.097051
329,31,0.320842
329,32,0.059852
329,33,0.324214
329,34,0.161035
329,36,0.020104
329,37,0.038297
329,38,0.076851
330,3,0.124757
330,9,0.021619
330,10,0.072700
330,12,0.014950
330,24,0.083615
330,25,0.456346
330,27,0.129624
330,32,0.049820
330,34,0.083768
330,37,0.205770
331,7,0.173821
331,8,0.042414
331,10,0.046433
331,17,0.025798
331,19,0.132093
331,21,0.017263
331,23,0.076258
331,28,0.061447
331,35,0.015880
331,36,0.025581
331,38,0.133029
332,4,0.552773
332,5,0.063107
332,6,0.293050
332,9,0.678253
332,17,0.060880
332,18,0.077183
332,19,0.023562
332,22,0.043467
332,30,0.025116
332,33,0.043456
332,34,0.231986
332,36,0.066607
335,1,0.084791
335,2,0.307667
335,3,0.049944
335,5,0.148438
335,6,0.312982
335,7,0.015207
335,8,0.076109
335,10,0.051978
335,12,0.102967
335,14,0.381784
335,18,0.051237
335,26,0.153189
335,29,0.135424
335,30,0.682019
335,31,0.823010
335,36,0.039529
335,38,0.091288
336,20,0.020310
336,31,0.059629
337,1,0.226164
337,3,0.096134
337,6,0.075163
337,8,0.090030
337,9,0.903265
337,11,0.238617
337,12,1.265753
337,14,0.088071
337,15,0.103104
337,17,1.328224
337,18,0.570231
337,19,0.263838
337,20,0.153732
337,21,0.211378
337,22,0.074247
337,23,0.580525
337,24,0.917426
337,25,0.860036
337,26,0.394216
337,27,1.125378
337,28,0.214277
337,29,0.144168
337,31,0.738051
337,32,0.095286
337,34,0.096051
337,35,0.116635
337,37,0.102815
337,38,0.020156
338,1,0.448060
338,2,0.336805
338,3,0.032114
338,4,0.376745
338,5,0.357708
338,10,0.087326
338,11,0.036071
338,25,0.085626
338,26,0.025845
338,28,0.084637
338,29,0.041015
338,30,0.058014
338,31,0.537063
338,32,0.547680
338,34,0.117070
338,36,0.612070
338,37,0.062280
338,38,0.349803
342,1,0.017050
342,3,0.047367
342,4,0.083208
342,7,0.012201
342,8,0.319415
342,9,0.126888
342,16,0.083629
342,18,0.565274
342,25,0.281437
342,27,0.013624
342,29,0.134018
342,31,0.041209
342,38,0.021316
343,1,0.109091
343,2,0.076854
343,6,0.088445
343,7,0.122960
343,8,0.100746
343,12,0.254586
343,13,0.088269
343,14,0.093361
343,15,0.055498
343,17,0.252989
343,21,0.489666
343,22,0.235372
343,23,0.029016
343,24,0.103786
343,25,0.205666
343,29,0.038336
343,31,0.028025
343,32,0.113001
343,33,0.155324
343,35,0.060372
343,36,0.037946
344,13,0.115540
344,14,0.068613
344,18,0.092531
344,19,0.025768
344,21,0.058800
344,28,0.026932
344,29,0.089800
344,30,0.058069
344,32,0.059409
344,33,0.067797
345,38,0.121544
347,1,0.109641
347,11,0.023477
347,12,0.087133
347,13,0.014561
347,14,0.118568
347,15,0.011446
347,17,0.194702
347,20,0.017757
347,22,0.059594
347,27,0.113417
347,28,0.023807
347,29,0.036162
348,6,0.246808
348,7,0.221716
348,8,0.038721
348,9,0.456357
348,17,0.247567
348,25,0.044375
348,27,0.166719
348,33,0.015025
348,35,0.054861
348,36,0.212006
350,4,0.358176
350,5,0.040598
350,6,0.683131
350,7,0.071518
350,8,0.312047
350,9,0.885180
350,11,0.046215
350,12,0.328105
350,15,0.022713
350,17,0.029932
350,18,0.454891
350,20,0.405311
350,21,0.217021
350,22,0.274483
350,23,0.031734
350,25,0.145225
350,26,0.015662
350,28,0.453446
350,29,0.158966
350,30,0.064275
350,31,0.029686
350,32,0.122277
350,33,0.030472
350,38,0.248180
351,1,0.124115
351,3,0.031056
351,17,0.065591
351,22,0.041666
351,29,0.037436
351,33,0.074160
351,37,0.029988
352,6,0.083800
352,8,0.257297
352,9,0.059423
353,1,0.112439
353,2,0.067858
353,3,0.240335
353,11,0.035427
353,12,0.110920
353,35,0.099422
353,36,0.019901
353,37,0.052083
354,5,0.010867
354,8,0.032162
354,9,0.123913
354,11,0.019438
354,13,0.062904
354,16,0.054642
354,17,0.460179
354,18,0.440580
354,19,0.011553
354,23,0.025720
354,24,0.014195
354,28,0.035745
354,29,0.014846
354,30,0.057834
354,31,0.016599
354,32,0.058576
354,33,0.254825
354,35,0.101945
356,22,0.013842
356,23,0.037949
356,25,0.509676
356,27,0.077798
356,32,0.038098
358,1,0.103170
358,9,0.070422
358,14,0.185368
358,15,0.506640
358,16,0.021359
358,18,0.101506
358,31,0.019298
358,32,0.878592
358,33,0.020975
358,35,0.068877
358,36,0.053022
362,1,0.483669
362,7,0.053841
362,8,0.136734
362,12,0.016405
362,20,0.115585
362,29,0.090410
362,37,0.051954
362,38,0.051812
365,1,0.764244
365,3,0.067200
365,8,0.645005
365,10,0.041370
365,11,0.129305
365,12,0.698913
365,13,1.350733
365,14,0.449214
365,21,0.115306
365,22,0.692123
365,26,0.702664
365,27,0.299653
365,31,0.014988
365,33,0.734265
365,35,0.127503
365,36,0.078226
365,38,0.603908
370,1,0.014445
370,4,0.073410
370,19,0.024625
370,22,0.152004
370,23,0.047364
370,29,0.063503
370,34,0.017181
370,36,0.082029
371,4,0.091199
371,6,0.039380
371,9,0.544896
371,12,0.130904
371,15,0.015660
371,18,0.044346
371,23,0.008737
371,31,0.349177
371,38,0.062176
372,4,0.138820
372,7,0.050264
372,10,0.052275
372,26,0.017228
372,30,0.069637
372,32,0.190255
372,33,0.018460
372,34,0.408672
372,38,0.021207
373,1,0.309840
373,8,0.181898
373,12,0.012492
373,13,0.061247
373,14,0.067441
373,15,0.255038
373,17,0.046243
373,19,0.104491
373,23,0.139983
373,24,0.027238
373,26,0.695475
373,27,0.343401
373,28,0.082816
373,29,0.812202
373,32,0.077480
373,33,0.457485
373,35,0.013488
373,36,0.301447
373,37,0.468857
373,38,0.056725
374,4,0.590178
374,5,0.023880
374,6,0.328487
374,8,0.015014
374,10,0.165776
374,14,0.013508
374,15,0.025193
374,24,0.527646
374,26,0.012442
374,38,0.105958
375,4,0.013455
375,5,0.042039
375,10,0.013336
375,19,0.119409
375,21,0.014693
376,14,0.052600
376,28,0.080246
376,37,0.051503
381,1,0.272267
381,3,0.069917
381,4,0.702664
381,5,0.178476
381,6,0.435467
381,7,0.176201
381,8,0.322412
381,9,0.627791
381,10,0.361751
381,11,0.540264
381,12,0.192538
381,14,0.082249
381,16,0.712193
381,23,0.356165
381,24,0.332630
381,25,0.318433
381,26,0.332003
381,28,0.249726
381,29,0.273146
381,30,0.264836
381,32,0.661090
381,33,0.352972
381,34,0.077782
381,38,0.265435
382,1,0.102504
382,2,0.030204
382,3,0.116563
382,4,0.146966
382,6,0.518401
382,9,0.349044
382,11,0.092712
382,13,0.313413
382,14,0.575694
382,16,0.036045
382,17,0.066567
382,18,0.669356
382,19,0.368915
382,20,0.389911
382,22,0.569100
382,23,0.076954
382,24,0.326171
382,25,0.077807
382,26,0.626641
382,31,0.038910
382,32,0.512518
382,34,0.335053
382,35,0.083525
382,37,0.021272
382,38,0.550217
384,1,0.183480
384,2,0.063338
384,3,0.057558
384,4,0.199591
384,5,0.124329
384,6,0.126626
384,7,0.755892
384,8,1.350269
384,9,0.020189
384,10,0.212172
384,11,0.302123
384,12,0.266312
384,13,0.314688
384,14,0.025744
384,15,0.220725
384,18,0.045618
384,19,0.024976
384,20,0.944818
384,21,0.057476
384,22,0.337486
384,23,0.066741
384,24,0.038547
384,26,0.120137
384,27,0.018645
384,28,0.574722
384,29,0.504009
384,30,0.185490
384,31,0.127470
384,32,0.188342
384,33,0.193237
384,35,0.603145
384,37,0.435542
384,38,0.381410
385,1,0.091403
385,3,0.089525
385,4,0.216086
385,6,0.467619
385,8,0.064157
385,9,0.017770
385,12,0.225795
385,14,0.065514
385,25,0.030970
385,29,0.099418
385,31,0.089025
385,37,0.080506
386,1,0.025064
386,3,0.060109
386,5,0.082207
386,6,0.060123
386,7,0.019809
386,8,0.111980
386,9,0.094490
386,10,0.088569
386,12,0.679577
386,13,0.010816
386,14,0.069815
386,16,0.163162
386,17,0.087464
386,18,0.138099
386,19,0.013020
386,20,0.051969
386,22,0.113571
386,23,0.016804
386,24,0.041102
386,25,0.022427
386,26,0.030256
386,27,0.821109
386,28,0.226550
386,29,0.065643
386,31,0.110720
386,32,0.056868
386,34,0.019989
386,36,0.048497
386,37,0.185624
386,38,0.243317
387,1,0.147376
387,3,0.034116
387,4,0.179622
387,5,0.099367
387,6,0.042236
387,7,0.481025
387,10,0.378008
387,11,0.013981
387,12,0.033378
387,14,0.126327
387,15,0.355393
387,16,0.066605
387,19,0.012675
387,20,0.050333
387,21,0.192153
387,22,0.858872
387,23,0.051901
387,24,0.073122
387,25,0.065339
387,29,0.065552
387,30,0.078557
387,31,0.111131
387,32,0.047067
387,33,0.040115
387,34,0.140157
387,35,0.131840
387,36,0.116513
387,37,0.011824
387,38,0.356479
388,6,0.017206
388,7,0.113649
388,8,0.055157
388,9,0.025119
388,12,0.024429
388,14,0.019078
388,15,0.016111
388,16,0.024878
388,18,0.069918
388,19,0.013868
388,20,0.149662
388,22,0.173015
388,23,0.074167
388,26,0.070951
388,27,0.637724
388,29,0.034185
388,31,0.056826
388,37,0.069622
388,38,0.575801
389,5,0.121074
389,6,0.033283
389,24,0.112961
390,2,0.014984
390,3,0.016614
390,4,0.124909
390,5,0.062209
390,6,0.032963
390,7,0.015889
390,10,0.085320
390,14,0.032068
390,16,0.117397
390,18,0.218292
390,19,0.014953
390,21,0.030743
390,22,0.115726
390,23,0.026474
390,24,0.036811
390,25,0.016432
390,26,0.013391
390,28,0.051161
390,30,0.165373
390,33,0.013806
390,35,0.073069
390,36,0.026806
390,37,0.019779
390,38,0.088638
391,6,0.078613
391,38,0.332969
392,26,0.057199
396,28,0.442035
402,1,0.053111
402,24,0.025241
402,25,0.113778
402,28,0.038516
402,30,0.067446
402,33,0.112679
402,36,0.049092
403,6,0.029219
403,7,0.076353
403,9,0.055341
403,13,0.649661
403,15,0.067634
403,16,0.058604
403,17,0.237050
403,19,0.504691
403,36,0.039780
405,2,0.090647
405,6,0.028525
405,8,0.044902
405,21,0.017549
405,36,0.727972
405,38,0.102348
406,25,0.083897
406,30,0.058895
406,32,0.015180
406,33,0.422679
406,35,0.011159
406,36,0.012593
406,37,0.016683
407,6,0.494951
407,8,0.014919
407,9,0.020459
407,18,0.009828
407,30,0.083399
408,9,0.064368
408,12,0.086856
408,13,0.017057
408,15,0.084946
408,17,0.053372
408,20,0.038970
408,25,0.014547
408,28,0.043353
410,2,0.015802
410,22,0.052312
410,38,0.057968
411,3,0.012351
411,4,0.050012
411,6,0.010194
411,8,0.226244
411,9,0.102567
411,10,0.549757
411,11,0.134472
411,12,0.076654
411,13,0.804005
411,15,0.101213
411,20,0.031581
411,23,0.028444
411,24,0.008501
411,26,0.521631
411,27,0.428421
411,28,0.851516
411,30,0.321921
411,32,0.493933
411,33,0.713165
411,35,0.274287
411,37,0.469093
413,1,0.145512
413,2,0.398447
413,3,0.076089
413,10,0.132479
413,11,0.099106
413,12,0.063503
413,13,0.210936
413,23,0.466471
413,25,0.098530
413,27,0.499960
413,28,0.356437
413,30,0.088889
413,35,0.034404
413,36,0.697643
413,37,0.107547
414,2,0.115566
414,4,0.165998
414,7,0.297390
414,8,0.035143
414,9,0.140037
414,10,0.062785
414,11,0.083322
414,12,0.661505
414,13,0.962096
414,14,0.527846
414,15,0.818250
414,16,0.138940
414,17,0.121998
414,18,0.409297
414,19,0.185986
414,20,0.261963
414,26,0.292141
414,27,0.308328
414,29,0.029517
414,35,0.012723
414,36,0.543655
415,6,0.016926
415,8,0.150206
415,9,0.324106
415,12,0.021825
415,17,0.462368
415,18,0.065010
415,19,0.697696
415,29,0.527928
415,33,0.081541
415,36,0.518117
415,38,0.152498
416,4,0.059995
416,12,0.051265
416,13,0.085762
416,15,0.048278
416,19,0.091272
416,20,0.068473
416,21,0.335604
416,22,0.057434
416,25,0.474996
416,29,0.340059
416,30,0.141815
416,32,0.226003
416,33,0.333065
416,35,0.028898
416,36,0.145079
416,37,0.074734
416,38,0.113974
417,1,0.049574
417,8,0.063765
417,9,0.037085
417,10,0.189375
417,11,0.201672
417,12,0.031753
417,15,0.182534
417,18,0.313399
417,20,0.076935
417,21,0.366389
417,23,0.136289
417,24,0.284188
417,25,0.057093
417,28,0.015173
417,29,0.189637
417,30,0.061989
417,32,0.137860
417,33,1.391839
417,35,0.245977
417,36,0.175988
417,37,0.050790
417,38,0.025296
418,5,0.352911
418,6,0.608306
418,8,0.353162
418,11,0.165520
418,12,0.047449
418,14,0.227211
418,15,0.236421
418,19,0.303700
418,20,0.071131
418,21,0.064627
418,22,0.025829
418,29,0.033897
418,30,0.013965
418,32,0.485578
418,33,0.156937
418,35,0.117045
418,36,0.274996
418,37,0.094100
418,38,0.059716
419,1,0.072306
419,2,0.019049
419,3,0.388608
419,4,0.091625
419,5,0.031261
419,7,0.718514
419,9,0.363585
419,10,0.030439
419,11,0.014347
419,14,0.068966
419,16,0.800473
419,19,0.071258
419,21,0.089830
419,22,0.087565
421,2,0.017848
421,3,0.039278
421,5,0.036876
421,25,0.053802
421,26,0.014771
421,28,0.085452
421,29,0.588339
421,30,0.013998
421,33,0.045617
421,37,0.201151
422,35,0.029692
422,38,0.055387
423,1,0.079514
423,6,0.061202
423,9,0.074326
423,11,0.041071
423,13,0.113742
423,15,0.034498
423,18,0.009100
423,21,0.048166
423,33,0.029849
423,38,0.070545
424,3,0.566649
424,7,0.084898
424,8,0.086860
424,12,0.053067
424,26,0.051122
424,28,0.042325
424,31,0.133205
424,32,0.044761
424,33,0.027883
424,34,0.064471
424,36,0.164020
426,6,0.012142
426,35,0.135025
426,36,0.037231
427,1,0.149480
427,2,0.054005
427,3,0.014312
427,4,0.459987
427,5,0.067674
427,6,0.114755
427,7,0.283233
427,8,0.222350
427,9,0.077709
427,10,0.113861
427,13,0.191379
427,14,0.353006
427,15,0.135739
427,16,0.076437
427,17,0.583007
427,18,0.358088
427,19,0.054846
427,20,0.061492
427,21,0.100090
427,23,0.019170
427,24,0.582406
427,30,0.055645
427,36,0.110502
427,38,0.249052
430,1,1.651493
430,2,0.459299
430,3,1.261466
430,4,1.122352
430,5,0.578944
430,6,1.609660
430,7,0.270323
430,8,1.155268
430,9,0.379827
430,10,1.250351
430,11,0.747628
430,12,1.173795
430,13,0.063502
430,14,0.725690
430,15,0.533829
430,16,0.975178
430,17,2.035959
430,18,0.187985
430,19,0.476311
430,20,0.340737
430,21,1.495892
430,22,0.146202
430,24,0.247999
430,25,1.180968
430,26,0.150026
430,27,0.524036
430,29,0.330641
430,30,0.283230
430,32,0.260419
430,33,2.273592
430,35,0.427940
430,36,2.116620
430,37,0.144919
436,1,0.187509
436,3,0.050911
436,6,0.082502
436,8,0.499049
436,11,0.222937
436,12,0.159544
436,13,0.019203
437,17,0.014595
437,20,0.012211
437,21,0.010268
437,23,0.012684
437,37,0.054986
438,15,0.015222
438,25,0.058136
438,28,0.043751
438,29,0.038430
438,32,0.026140
440,2,0.038751
440,7,0.091984
440,9,0.025871
440,13,0.048072
440,14,0.364943
440,15,0.269928
440,17,0.022723
440,18,0.320017
440,19,0.015106
440,20,0.046494
440,21,0.032424
440,24,0.054151
440,25,0.035975
440,26,0.036135
440,27,0.037162
440,30,0.372748
440,31,0.012774
440,32,0.020998
440,35,0.079562
440,37,0.100159
441,1,0.046911
441,4,0.211686
441,10,0.140670
441,12,0.243996
441,17,0.050834
441,18,0.119912
441,19,0.058790
441,20,0.055262
441,21,0.367377
441,22,0.502635
441,23,0.123275
441,35,0.033193
441,37,0.067490
441,38,0.735647
442,2,0.047338
442,5,0.048692
442,6,0.010336
442,8,0.217681
442,22,0.395326
442,24,0.090325
442,26,0.010476
442,28,0.029746
442,31,0.064910
442,34,0.076881
442,35,0.070516
442,37,0.023948
443,5,0.077220
443,25,0.105478
443,26,0.099344
443,27,0.047926
443,32,0.046720
443,34,0.086601
443,37,0.057461
443,38,0.032080
444,2,0.057911
444,3,0.054828
444,7,0.059216
444,20,0.511769
444,21,0.047833
444,29,0.210158
444,31,0.079356
444,32,0.130449
447,15,0.014399
447,19,0.067561
447,21,0.116564
449,1,0.151629
449,2,0.719316
449,3,0.817015
449,4,0.016153
449,5,0.705409
449,6,0.702664
449,7,0.168951
449,8,0.164364
449,9,0.506844
449,10,0.059605
449,11,0.123567
449,12,0.542233
449,13,0.013798
449,14,0.845151
449,15,1.364429
449,16,0.159151
449,17,0.087832
449,21,0.285135
449,23,0.123571
449,25,0.641012
449,27,0.023163
449,28,0.770875
449,29,0.037495
449,30,0.059940
449,31,1.216213
449,32,0.026312
449,33,0.041280
449,35,0.140638
449,36,0.025962
449,37,0.213203
449,38,0.261798
450,1,0.308486
450,2,0.410191
450,3,0.019917
450,6,0.119220
450,7,0.243125
450,8,0.101533
450,9,0.055368
450,10,0.064652
450,11,0.055790
450,14,0.224352
450,15,0.623174
450,16,0.794103
450,17,0.631490
450,18,0.131061
450,19,0.087847
450,20,0.137705
450,21,0.085108
450,23,0.018927
450,24,0.191396
450,25,0.021728
450,27,0.061614
450,28,0.050597
450,29,0.162989
450,30,0.307421
450,31,0.080526
450,32,0.139956
450,33,0.345532
450,35,0.113477
450,36,0.243184
450,37,0.701754
452,1,0.015630
452,2,0.153690
452,3,0.639952
452,4,0.072127
452,5,0.108366
452,7,0.426021
452,10,0.164705
452,12,0.220091
452,13,0.025922
452,15,0.172599
452,16,1.279729
452,22,0.566619
452,24,0.091757
452,25,0.066852
452,26,0.055605
452,27,0.101054
452,28,0.047027
452,30,0.127614
452,31,0.143967
452,32,0.044508
452,34,0.514679
452,36,0.037309
452,37,0.087894
452,38,0.125898
453,7,0.035611
453,9,0.565907
453,10,0.056452
453,11,0.357549
453,15,0.072734
453,16,0.971319
453,17,0.251813
453,18,0.038225
453,22,0.508997
453,29,0.503418
453,30,0.131518
453,33,0.302213
455,1,0.126351
455,3,0.032448
455,7,0.068864
455,8,0.524393
455,12,0.149548
455,13,0.085582
455,15,0.416721
455,16,0.063792
455,17,0.114044
455,37,0.028841
456,5,0.042540
456,9,0.389394
456,10,0.019932
456,18,0.059067
456,20,0.037829
456,24,0.026660
456,25,0.073454
456,26,0.027513
456,31,0.033385
457,3,0.123277
457,4,0.430160
457,5,0.180011
457,7,0.039014
457,9,0.022101
457,10,0.197413
457,12,0.076992
457,13,0.959543
457,14,0.075083
457,15,0.025467
457,16,0.390921
457,18,0.119738
457,20,0.052828
457,21,0.098730
457,22,0.543911
457,24,0.442795
457,25,0.342077
457,27,0.010381
457,28,0.462905
457,29,0.336040
457,30,0.092434
457,32,0.249580
457,34,0.377171
457,35,0.230245
457,37,0.193009
458,3,0.054582
458,21,0.010977
458,22,0.011987
458,23,0.022066
458,24,0.020935
458,28,0.020355
458,29,0.024709
458,35,0.078419
458,36,0.107043
458,38,0.126628
459,1,0.014290
459,4,0.015403
459,19,0.014758
459,20,0.124392
459,21,0.136816
459,29,0.289956
459,32,0.177900
462,19,0.034513
466,3,1.070375
466,6,0.074189
466,12,0.603480
466,13,0.047324
466,14,0.629200
466,19,0.054495
466,21,0.120513
466,26,0.283636
466,28,0.246631
466,29,0.016403
466,36,0.065914
466,37,0.338817
469,27,0.121381
473,3,0.020387
473,13,0.062420
473,14,0.096823
473,15,0.248911
473,18,0.092750
473,19,0.095164
473,20,0.017484
473,22,0.105972
473,25,0.022145
473,27,0.057220
473,28,0.008235
473,29,0.063187
473,31,0.093827
473,32,0.051746
473,37,0.140157
473,38,0.012705
474,1,0.039587
474,3,0.014841
474,10,0.010890
474,15,0.103528
474,16,0.014719
474,17,0.110356
474,18,0.192974
474,19,0.023393
474,20,0.284701
474,21,0.094164
475,7,0.119723
475,8,0.045198
475,21,0.066587
475,23,0.022302
475,25,0.191314
475,26,0.559647
475,31,0.149696
475,32,0.089494
475,34,0.108671
475,35,0.041332
475,37,0.037851
476,2,0.010438
476,4,0.022475
476,13,0.042178
476,26,0.055571
476,31,0.121609
476,33,0.448476
476,34,0.080567
476,35,0.069350
477,13,0.082966
477,14,0.039717
477,31,0.017897
478,22,0.048726
478,28,0.039802
480,6,0.072284
485,1,0.557387
485,2,1.012320
485,6,0.043813
485,7,0.040192
485,8,0.054075
485,10,0.041214
485,14,0.702664
485,15,0.763903
485,17,0.866418
485,18,0.349786
485,19,0.108924
485,21,0.096165
485,23,0.497762
485,24,0.175657
485,26,0.241084
485,27,0.133465
485,28,0.059001
485,29,1.175204
485,30,0.648053
485,31,0.449395
485,32,0.066699
486,1,0.525360
486,6,0.054414
486,9,0.072951
486,13,0.053600
486,15,0.151144
486,17,0.065544
486,23,0.056152
486,25,0.023871
486,27,0.025692
486,28,0.017577
486,29,0.065768
486,31,0.116088
486,37,0.113573
487,1,0.133797
487,3,0.018588
487,4,0.091469
487,7,0.320977
487,8,0.036830
487,10,0.035340
487,11,0.270772
487,12,1.453083
487,13,0.361156
487,14,0.161449
487,17,0.258991
487,19,0.392820
487,20,0.357169
487,21,0.263318
487,22,0.103849
487,23,0.623433
487,24,0.028321
487,25,0.752040
487,26,0.167292
487,27,0.020562
487,28,0.073061
487,29,0.222045
487,31,0.044595
487,33,0.158542
487,35,0.541798
487,36,0.306241
487,37,0.165996
487,38,0.068216
488,2,0.303005
488,4,0.055989
488,7,0.049520
488,8,0.251664
488,9,1.006668
488,10,0.040310
488,11,0.039190
488,12,0.490201
488,14,0.050964
488,15,0.168662
488,16,0.066710
488,18,0.037456
488,19,0.746284
488,20,0.514853
488,21,0.702664
488,22,0.103957
488,25,0.702664
488,33,0.069876
488,34,0.046341
488,35,0.020616
488,36,0.512989
488,37,0.096747
488,38,0.012897
489,3,0.076890
489,4,0.645009
489,5,0.096888
489,6,0.140283
489,7,0.202995
489,8,0.059491
489,9,0.580439
489,10,0.177174
489,11,0.019992
489,14,0.211888
489,18,0.036262
489,19,0.308600
489,20,0.040941
489,25,0.033009
489,28,0.056417
489,30,0.026846
489,31,0.018414
489,32,0.053905
489,33,0.064984
489,37,0.029712
490,2,0.014418
490,6,0.020301
490,7,0.584726
490,9,0.037113
490,10,0.085373
490,13,0.025566
490,14,0.102270
490,18,0.124040
490,19,0.079754
490,20,0.047855
490,21,0.212623
490,22,0.221704
490,23,0.022090
490,27,0.024478
490,28,0.085119
490,29,0.055628
490,31,0.023214
490,35,0.198242
490,36,0.046719
491,2,0.074412
491,4,0.081522
491,5,0.044933
491,7,0.045887
491,8,0.010679
491,9,0.084727
491,19,0.041607
491,20,0.098041
491,21,0.012707
491,22,0.016488
491,23,0.420803
491,24,0.018304
491,25,0.128691
491,28,0.051341
491,29,0.028394
491,33,0.050010
491,34,0.050714
491,36,0.048828
493,4,0.034719
493,5,0.032643
493,6,0.104821
493,7,0.124837
493,10,0.179778
493,12,0.055549
493,23,0.063458
493,24,0.046994
493,33,0.056455
493,36,0.572517
494,4,0.053784
494,15,0.018103
494,20,0.522313
494,26,0.100004
494,27,0.051779
494,28,0.016515
494,30,0.112615
494,34,0.050240
494,35,0.214074
494,37,0.042179
494,38,0.097811
497,2,0.032614
497,13,0.084053
497,14,0.186250
497,16,0.055370
497,17,0.203248
497,18,0.061323
497,21,0.588092
497,23,0.059296
499,6,0.806917
499,7,0.212544
499,8,0.273442
499,12,0.089514
499,13,0.705601
499,14,0.092434
499,15,0.016981
499,17,0.357434
499,33,0.093093
499,34,0.347909
500,1,0.037169
500,2,0.365306
500,3,0.097723
500,9,0.161833
500,10,0.093068
500,29,0.050195
500,32,0.913301
500,33,0.505662
500,35,0.845925
500,36,0.559871
500,37,0.907538
501,38,0.032066
505,3,0.077812
505,6,0.043923
505,8,0.075174
505,10,0.085711
505,13,0.022155
505,15,0.010420
505,16,0.045774
505,18,0.025309
505,26,0.012753
505,27,0.042244
505,37,0.028985
506,10,0.038896
506,12,0.142701
506,17,0.014372
506,19,0.048343
506,21,0.071562
506,27,0.089935
506,30,0.034963
506,32,0.109152
507,3,0.021372
507,20,0.010657
507,21,0.050218
507,22,0.010174
507,24,0.103682
507,25,0.033714
507,26,0.061001
507,30,0.044833
507,34,0.042470
508,3,0.062554
508,4,0.010476
508,5,0.115699
508,7,0.064179
508,8,0.279738
508,9,0.071471
508,10,0.043177
508,14,0.084917
508,15,0.075780
508,16,0.065915
508,17,0.027236
508,18,0.022905
508,19,0.054483
508,20,0.026147
508,21,0.048778
508,26,0.134508
508,27,0.016638
508,30,0.064709
508,31,0.158899
508,32,0.086304
508,33,0.087405
508,34,0.023159
508,36,0.022965
508,38,0.078758
510,28,0.127540
510,36,0.320030
511,6,0.024078
511,25,0.472004
511,26,0.797968
511,37,0.446432
515,1,0.509113
515,2,0.084762
515,3,0.060090
515,4,0.065669
515,5,0.106303
515,6,0.118627
515,7,0.110895
515,8,0.571284
515,9,0.079708
515,10,0.194927
515,11,0.561328
515,12,0.122959
515,13,0.419063
515,16,0.705245
515,17,0.084993
515,19,0.698592
515,20,0.314369
515,21,0.702664
515,22,0.093023
515,24,0.544190
515,25,0.062472
515,26,0.521198
515,27,0.139575
515,28,0.098385
515,29,0.724816
515,30,0.064510
515,31,0.447327
515,32,0.198434
515,33,0.633324
515,34,0.095796
515,37,0.899802
515,38,0.741148
516,1,0.014569
516,2,0.331133
516,3,0.037242
516,5,0.014805
516,7,0.086256
516,10,0.177784
516,13,0.011528
516,15,0.035188
516,16,0.753112
516,17,0.014878
516,19,0.299965
516,21,0.038509
516,22,0.028204
516,25,0.098190
516,26,0.331451
516,27,0.290802
516,28,0.023106
516,32,0.138094
517,1,0.391301
517,3,0.013965
517,5,0.047274
517,6,0.165169
517,10,0.073217
517,11,0.702664
517,12,0.072246
517,13,0.045465
517,14,0.044371
517,15,0.039532
517,17,0.007083
517,23,0.025799
517,24,0.101958
517,26,0.218412
517,27,0.111377
517,28,0.034642
517,29,0.137519
517,30,0.094605
517,32,0.034784
517,34,0.438080
517,36,0.366117
517,38,0.013981
519,12,0.020471
519,13,0.028659
519,15,0.075947
519,18,0.020492
519,20,0.011615
519,21,0.217164
519,22,0.162601
519,23,0.010443
519,25,0.110272
519,30,0.041751
519,37,0.133242
519,38,0.101924
521,1,0.012748
521,2,0.016360
521,8,0.384327
521,11,0.458731
521,13,0.009132
521,16,0.307046
521,23,0.084454
521,25,0.089636
521,27,0.051108
521,28,0.036151
522,7,0.050402
522,24,0.012098
522,25,0.030881
522,29,0.234607
522,30,0.020983
522,36,0.148883
522,38,0.125081
525,1,0.416001
525,2,0.162471
525,3,0.387950
525,4,0.085742
525,5,0.215115
525,6,0.641124
525,32,0.117444
525,33,0.107869
525,34,0.402877
525,37,0.062913
525,38,0.506995
526,2,0.099521
526,5,0.035324
526,6,0.112521
526,8,0.559335
526,10,0.201664
526,11,0.375814
526,12,0.039169
526,13,0.218487
526,14,0.566877
526,15,0.051466
526,16,0.135920
526,17,0.255880
526,18,0.109499
526,19,0.172737
526,20,0.014014
526,21,0.040569
526,23,0.262156
526,24,0.110868
526,25,0.088150
526,26,0.624773
526,27,0.011419
526,28,0.096883
526,29,0.047297
526,30,0.038854
526,31,0.182033
526,32,0.105278
526,33,0.506824
526,34,0.389866
526,35,0.803372
526,36,0.171102
526,37,0.038092
526,38,0.179984
527,8,0.047086
527,9,0.111220
527,19,0.177950
527,23,0.899920
527,28,0.310416
527,30,0.352699
527,31,0.576308
527,35,1.194228
527,36,0.073734
527,37,0.092965
527,38,0.176175
531,1,0.099626
531,5,0.006715
531,6,0.496405
531,7,0.241819
531,8,0.068400
531,9,0.193584
531,10,0.116153
531,11,0.390094
531,16,0.381999
531,17,0.434537
531,21,0.024214
531,22,0.596258
531,23,0.009370
531,24,0.095250
531,26,0.077687
531,28,0.090413
531,29,0.011490
531,30,0.029614
531,34,0.047771
532,2,0.023867
532,3,0.027133
532,6,0.019686
532,7,0.018449
532,8,0.328196
532,10,0.056791
532,14,0.015346
532,17,0.014713
532,19,0.263457
532,20,0.061873
532,22,0.470121
532,23,0.232149
532,24,0.131048
532,26,0.102221
532,27,0.060614
532,30,0.035853
532,31,0.132806
532,33,0.256520
532,34,0.051721
532,35,0.078996
532,36,0.015772
532,38,0.102501
535,30,0.061258
539,32,0.032344
539,37,0.033740
539,38,0.127675
541,3,0.013841
541,10,0.055400
541,13,0.014751
541,24,0.072945
543,1,0.069876
543,18,0.136049
543,19,0.063897
543,20,0.039987
544,1,0.296821
544,3,0.193902
544,4,0.024234
544,23,0.023476
544,24,0.479409
544,25,0.022342
544,27,0.015568
544,28,0.174437
544,29,0.702664
544,30,0.019519
544,31,0.222334
544,32,0.083903
544,33,0.463352
544,35,0.148243
544,38,0.132631
545,2,0.062788
547,2,0.046167
547,3,0.702664
547,9,0.036215
547,10,0.061201
547,11,0.087374
547,12,0.033481
547,13,0.718046
547,14,0.027309
547,15,0.018700
547,16,0.048685
547,17,0.178829
547,20,0.111865
547,21,0.737951
547,22,0.462229
547,24,0.028567
547,27,0.702664
547,28,0.021394
547,33,0.057714
547,34,0.093879
547,36,0.159608
547,37,0.463950
547,38,0.065224
548,15,0.017858
548,17,0.099084
548,21,0.150143
548,27,0.354551
551,5,0.065422
551,6,0.037862
551,17,0.126449
551,30,0.091009
551,31,0.184679
551,32,0.062764
551,33,0.092866
551,34,0.077553
552,4,0.036116
552,6,0.025610
552,8,0.051879
552,10,0.041639
552,14,0.057296
552,15,0.019378
552,23,0.047328
552,24,0.021439
552,27,0.011659
552,28,0.042180
552,30,0.099719
552,31,0.070735
552,32,0.252431
552,33,0.063263
552,34,0.037814
552,35,0.069899
552,36,0.546029
553,2,0.289300
553,3,0.099739
553,4,0.094560
553,5,0.037588
553,6,0.033915
553,7,0.296760
553,9,0.101749
553,13,0.124322
553,14,0.036492
553,23,0.014392
553,24,0.106665
553,25,0.025265
553,30,0.082591
553,31,0.667448
553,35,0.093876
553,36,0.040504
560,1,0.085410
560,3,0.299206
560,4,0.172001
560,5,0.618558
560,6,0.207882
560,8,0.059005
560,9,0.860052
560,10,0.293671
560,11,0.150508
560,12,0.121193
560,13,0.033898
560,14,0.448370
560,15,0.428877
560,16,0.063611
560,18,0.049431
560,19,0.071326
560,23,0.038112
560,24,0.167582
560,27,0.083457
560,29,0.064842
560,33,0.418700
560,34,0.035175
560,37,0.283588
560,38,0.133041
561,1,0.116958
561,2,0.489224
561,7,0.060753
561,18,0.090042
561,19,0.229129
561,20,0.032657
561,22,0.121640
561,27,0.027126
561,28,0.688802
568,1,0.023936
568,2,0.076733
568,3,0.010964
568,13,0.054643
568,14,0.019802
568,17,0.075832
568,18,0.015473
568,20,0.008664
568,21,0.070362
568,22,0.029777
568,23,0.098046
568,28,0.068362
568,30,0.033321
568,32,0.127520
568,33,0.430016
568,34,0.024879
568,35,0.019304
568,36,0.076685
568,38,0.030743
569,4,0.097172
569,6,0.016730
569,11,0.448749
569,14,0.411100
569,15,0.050385
569,17,0.011276
569,19,0.066778
569,21,0.136228
569,22,0.332132
569,23,0.088517
569,31,0.021369
569,32,0.016443
570,15,0.010267
570,29,0.133655
570,31,0.103415
570,35,0.066805
570,36,0.041534
570,38,0.128258
571,20,0.736903
572,18,0.045070
572,26,0.069671
572,28,0.077050
573,1,0.089247
573,15,0.394883
573,16,0.064217
573,17,0.012196
573,22,0.328014
573,23,0.063274
573,30,0.045838
573,34,0.022537
573,38,0.027660
574,3,0.010015
574,13,0.075401
574,24,0.073362
574,38,0.042895
575,1,0.258308
575,4,0.063089
575,6,0.019700
575,8,0.237533
575,9,0.806074
575,13,0.020365
575,15,0.071943
575,16,0.034375
575,20,0.109727
575,21,0.380713
575,23,0.058360
575,25,0.114063
575,26,0.063214
575,38,0.026583
580,1,0.507360
580,2,0.416633
580,8,0.046398
580,17,0.047004
580,20,0.132315
580,21,0.445110
580,23,0.043061
580,24,0.084985
580,26,0.025196
580,27,0.027719
580,30,0.060764
580,33,0.375414
580,34,0.080144
580,35,0.101982
581,37,0.504006
582,1,0.051775
582,4,0.612502
582,5,0.107630
582,6,0.410301
582,7,0.409268
582,9,0.060780
582,10,0.135659
582,13,0.028443
582,14,0.057556
582,15,0.056467
582,16,0.103496
582,17,0.012921
582,19,0.133957
584,3,0.034425
584,4,0.020638
584,7,0.115437
584,11,0.158216
584,20,0.061831
584,21,0.073341
584,22,0.155982
584,23,0.542528
584,25,0.028049
584,26,0.532864
584,29,0.158689
584,30,0.047633
584,31,0.112137
584,34,0.017578
584,35,0.054934
584,36,0.130657
584,37,0.256079
584,38,0.108058
585,6,0.056240
585,7,0.012869
585,8,0.424815
585,9,0.095282
585,15,0.027934
585,17,0.019982
585,18,0.039761
585,33,0.011005
585,34,0.043465
585,36,0.170735
586,1,0.085644
586,3,0.056634
586,4,0.202977
586,6,0.179606
586,13,0.012956
586,14,0.423617
586,21,0.027456
586,31,0.282137
586,36,0.053029
587,22,0.130991
587,23,0.009995
587,28,0.055072
588,2,0.146449
588,3,0.045515
588,5,0.060876
588,8,0.573432
588,11,0.017335
588,13,0.038756
588,18,0.059489
588,19,0.046182
588,21,0.010500
588,22,0.494601
588,23,0.167302
588,24,0.610648
591,13,0.014052
591,16,0.051876
591,18,0.517365
591,19,0.125278
591,20,0.033357
591,26,0.542417
591,29,0.046961
591,31,0.092598
591,33,0.042539
593,2,0.025584
593,4,0.279915
593,9,0.588476
593,11,0.010489
593,15,0.483898
593,25,0.017300
593,26,0.010787
593,27,0.066754
593,28,0.100234
593,29,0.113380
593,31,0.080679
593,37,0.112505
596,1,0.085594
596,2,0.084538
596,23,0.656180
596,24,0.385388
596,26,0.224887
596,28,0.037982
596,29,0.662601
596,31,0.369803
596,32,0.698365
596,33,0.105373
597,1,0.780376
597,2,0.083282
597,5,0.844240
597,6,0.012458
597,7,0.021425
597,9,0.381770
597,11,0.507229
597,12,0.007432
597,15,0.695806
597,16,0.097056
597,17,0.459286
597,18,0.182497
597,19,0.194354
597,20,0.187220
597,21,0.563763
597,27,0.170836
597,28,0.277243
597,30,0.862938
597,31,0.313085
597,32,0.095563
597,34,0.125397
597,35,0.531528
597,36,0.687876
597,37,0.960248
597,38,0.065031
603,1,0.112533
603,4,0.029388
603,6,0.016465
603,9,0.081870
603,14,0.042491
603,15,0.042896
603,16,0.052139
603,28,0.038470
603,32,0.032653
603,33,0.010597
603,35,0.039327
603,37,0.017437
605,2,0.436162
605,4,0.456889
605,10,0.102834
605,11,0.048974
605,19,0.010327
605,20,0.022219
606,3,0.078168
606,5,0.123150
606,6,0.074517
606,15,0.339854
606,20,0.076118
606,22,0.145298
606,23,0.047614
606,27,0.006431
606,28,0.175016
606,30,0.451398
606,32,0.784347
606,33,0.167330
606,34,0.067400
606,36,0.023526
606,37,0.016409
607,2,0.081770
608,18,0.021227
608,19,0.199172
609,14,0.062028
609,24,0.543562
612,2,0.033637
612,3,0.916336
612,4,0.120724
612,5,0.015647
612,6,0.067187
612,7,0.038354
612,8,0.030646
612,9,0.040074
612,10,0.062689
612,11,0.052892
612,13,0.008099
612,15,0.010994
612,17,0.039275
612,18,0.114010
612,19,0.702664
613,1,0.045187
613,2,0.077789
613,4,0.009004
613,8,0.075508
613,9,0.127861
613,10,0.478404
613,11,0.909359
613,21,0.331293
613,22,0.397365
613,26,0.600695
613,27,0.138209
613,28,0.433987
613,29,0.272261
613,32,0.048955
613,34,0.512144
613,35,0.071227
613,38,0.284189
614,2,0.090466
614,5,0.010841
614,33,0.051264
614,35,0.014557
615,6,0.177011
615,7,0.031207
615,8,0.045062
615,10,0.176263
615,11,0.139593
615,15,0.646258
615,16,0.184466
615,17,0.267220
615,18,0.125969
615,19,0.108563
615,21,0.024997
615,22,0.340323
615,23,0.430130
615,24,0.190270
615,25,0.621547
615,26,0.022067
615,27,0.293629
615,28,0.162493
615,29,0.288019
615,32,0.528318
615,33,0.116412
615,34,0.082365
615,35,0.036835
615,36,0.073644
615,37,0.076109
615,38,0.072226
618,1,0.022385
619,5,0.036326
623,14,0.083650
623,16,0.063092
623,17,0.049547
624,1,0.182022
624,2,0.087455
624,3,0.057916
624,4,0.116272
624,5,0.176552
624,6,0.183808
624,8,0.073164
624,9,0.042821
624,10,0.474422
624,11,0.136454
624,12,0.117464
624,13,0.146249
624,14,0.531000
624,15,0.447207
624,16,0.612862
624,17,0.502184
624,18,0.498565
624,19,0.586358
624,20,0.054604
624,21,0.228961
624,22,0.067811
624,23,0.769339
624,24,0.395329
624,25,0.035731
624,26,0.040933
624,27,0.160186
624,29,0.099140
624,31,0.109511
624,32,0.219810
624,33,0.030633
624,34,0.107989
624,35,0.041235
624,36,0.058177
624,37,0.048426
624,38,0.197082
625,1,0.131426
625,3,0.091486
625,6,0.132368
625,7,0.517200
625,13,0.034966
626,7,0.211338
631,1,0.010749
631,2,0.090888
631,3,0.106370
631,5,0.057057
631,13,0.031854
631,14,0.064437
631,15,0.015286
631,24,0.035785
632,6,0.048086
632,17,0.027859
633,2,0.039784
633,6,0.238236
633,9,0.029038
633,19,0.064845
633,20,0.038355
633,21,0.052605
633,22,0.058604
633,25,0.034337
633,26,0.033022
633,32,0.057347
633,34,0.063891
633,35,0.066076
633,38,0.051192
634,5,0.049889
634,13,0.056382
634,19,0.664007
634,20,0.041561
634,22,0.088031
634,23,0.287806
634,24,0.308274
634,25,0.165093
634,27,0.057134
634,28,0.055875
634,29,0.152359
634,32,0.088534
634,35,0.110281
634,36,0.081012
634,37,0.433685
634,38,0.097967
635,3,0.366012
635,4,0.143712
635,5,0.015614
635,8,0.050027
635,9,0.185593
635,25,0.070043
635,28,0.407361
635,29,0.383868
635,33,0.039215
635,34,0.019689
635,37,0.416321
635,38,0.011396
636,6,0.579211
636,9,0.064512
636,18,0.137856
636,24,0.073061
636,27,0.014730
636,30,0.034055
636,34,0.048883
636,35,0.303847
636,38,0.585759
637,3,0.040021
637,4,0.009827
637,28,0.386194
637,35,0.441069
638,8,0.008523
640,33,0.033067
640,34,0.014185
640,37,0.064054
640,38,0.349973
642,3,0.267823
642,4,0.088330
642,6,0.012009
642,7,0.033328
642,12,0.270838
642,16,0.459060
642,17,0.173045
642,18,0.033609
642,19,0.097381
642,20,0.702664
642,21,0.035759
642,24,0.079210
642,32,0.024537
642,36,0.070427
642,37,0.050339
642,38,0.058797
643,5,0.007572
643,8,0.015271
643,15,0.029071
643,17,0.106697
643,24,0.024876
643,26,0.023837
643,27,0.039932
643,29,0.050919
643,30,0.102733
643,32,0.010345
643,35,0.045265
643,38,0.019506
644,1,0.030939
644,2,0.012390
644,3,0.025454
644,4,0.047094
644,6,0.073176
644,9,0.073401
644,10,0.074313
644,11,0.016322
644,13,0.024124
644,14,0.017765
644,15,0.128440
644,24,0.024795
644,26,0.072565
644,27,0.170424
644,32,0.011750
645,1,0.098270
645,3,0.025700
645,8,0.062281
645,15,0.015136
646,3,0.013034
646,5,0.095879
646,8,0.084885
646,9,0.010211
646,12,0.068181
646,13,0.070044
646,21,0.117898
646,23,0.065780
646,24,0.038542
646,28,0.472063
646,32,0.040040
646,34,0.058473
646,35,0.015438
648,1,0.046453
648,2,0.076736
648,3,0.020531
648,5,0.584726
648,7,0.058213
648,8,0.076314
648,9,0.591298
648,10,0.015196
648,11,0.016748
648,12,0.055553
648,14,0.155881
651,26,0.076454
651,32,0.050903
654,1,0.293101
654,2,0.054250
654,5,0.044325
654,6,0.057733
654,7,0.068265
654,8,0.041647
654,9,0.725669
654,11,0.069825
654,12,0.014078
654,13,0.324845
654,16,0.064625
654,17,0.741051
654,20,0.303410
654,22,0.063137
654,24,0.310268
654,25,0.281777
654,26,0.826463
654,27,0.061092
654,28,0.171976
654,29,0.411389
654,32,0.018819
654,33,0.110296
654,34,0.338012
654,35,0.152400
654,36,0.177857
654,37,0.204599
654,38,0.082608
659,2,0.076338
659,5,0.068004
659,11,0.898370
659,21,0.054203
660,1,0.378844
660,3,0.149187
660,4,0.077094
660,5,0.060656
660,7,0.035177
660,8,0.094597
660,10,0.093860
660,12,0.349667
660,14,0.058271
660,15,0.071229
660,16,0.182383
660,17,0.115095
660,18,0.118954
660,19,0.113230
660,20,0.026379
660,21,0.076267
660,23,0.060591
660,27,0.079064
660,28,0.017225
660,29,0.147038
660,30,0.010399
660,31,0.105812
660,35,0.229363
660,36,0.015145
660,37,0.030748
661,1,1.004602
661,2,0.125067
661,4,0.106040
661,5,0.371293
661,7,0.077592
661,8,0.085250
661,9,0.318777
661,13,0.041656
661,14,0.051735
661,15,0.985535
661,16,1.106977
661,17,0.579266
661,18,0.259105
661,19,0.869842
661,22,0.917160
661,24,1.458217
661,25,0.637768
661,26,0.908839
661,27,0.674698
661,28,0.145813
661,29,0.038543
661,30,0.251287
662,33,0.079255
663,2,0.070622
663,3,0.008280
663,4,0.058083
663,6,0.054117
663,7,0.172591
663,8,0.066677
663,9,0.654737
663,12,0.599564
663,13,0.119594
663,14,0.665067
663,19,0.044909
663,20,0.525790
666,2,1.314997
666,4,1.140448
666,6,0.288796
666,7,0.853059
666,8,0.233448
666,9,0.068465
666,10,0.607236
666,16,0.073573
666,17,0.834967
666,18,0.276356
666,19,0.558308
666,20,0.025755
666,22,0.094762
666,23,0.041976
666,24,0.940634
666,25,0.556230
666,27,0.545865
666,28,0.064889
666,30,0.708033
666,32,1.249998
666,34,0.075974
666,35,1.864603
666,36,0.084850
666,38,0.302028
668,2,0.019646
668,5,0.039079
668,7,0.009413
668,8,0.012872
668,9,0.108283
668,10,0.033532
668,12,0.008676
668,15,0.080130
668,16,0.014196
668,21,0.053457
668,30,0.047620
668,31,0.051189
668,32,0.148846
668,33,0.024052
668,34,0.029782
668,35,0.049571
668,36,0.014881
669,1,0.278266
669,6,0.046943
669,9,0.019613
669,10,0.016548
669,11,0.096554
669,12,0.105197
669,13,0.050632
669,14,0.232939
669,24,0.038575
669,25,0.039161
669,26,0.124039
669,27,0.033828
671,1,0.022433
671,2,0.019740
671,3,0.920229
671,9,0.068056
671,10,0.048157
671,11,0.623838
671,12,0.251106
671,13,0.133747
671,15,0.123445
671,17,0.054481
671,18,0.293433
671,19,0.411323
671,20,0.054707
671,22,0.930278
671,23,0.047740
671,26,0.404835
671,27,0.746170
671,29,0.637515
671,34,0.537111
671,36,0.073115
671,37,0.069539
671,38,0.547312
672,21,0.181148
672,27,0.065413
672,29,0.065745
673,2,0.351145
673,4,0.099844
673,6,0.060749
673,7,0.076304
673,8,0.058706
673,11,0.070269
673,17,0.121125
673,20,0.073920
673,21,0.172689
673,24,0.060898
673,25,0.026488
673,28,0.146007
673,29,0.014286
673,33,0.059192
673,34,0.578201
673,35,0.026021
673,36,0.134953
673,38,1.014677
676,1,0.068969
676,2,0.033621
676,7,0.387526
676,8,0.396709
676,9,0.200762
676,11,0.155990
676,16,0.740604
676,18,0.095265
676,25,0.042478
676,27,0.031719
676,28,0.114305
676,32,0.063537
676,36,0.017282
676,38,0.072124
677,3,0.057825
677,5,0.464068
677,10,0.084867
677,14,0.528849
677,22,0.135578
677,26,0.050674
677,27,0.324410
677,30,0.065474
678,6,0.072396
680,12,0.071088
680,14,0.370415
680,15,0.419724
680,16,0.395119
680,17,0.383340
680,18,0.267665
680,19,0.051919
680,21,0.052227
680,23,0.252371
680,25,0.059225
681,1,0.070827
681,3,0.202855
681,4,0.032272
681,6,1.999827
681,7,0.600354
681,8,0.008665
681,9,0.380355
681,10,0.177560
681,17,0.269438
681,18,0.177770
681,19,0.712903
681,20,0.876165
681,21,0.983308
681,24,0.502727
681,25,0.525973
681,26,0.100195
681,27,0.423907
681,28,0.493879
681,29,0.184774
681,30,0.504096
681,32,0.337358
681,33,0.015716
681,34,0.651110
681,35,1.311008
682,12,0.037133
682,17,0.039080
683,2,0.065891
683,3,0.039218
683,5,0.079554
683,6,0.381486
683,14,0.076340
683,15,0.013391
683,17,0.128118
683,18,0.040140
683,20,0.033041
683,21,0.266559
683,22,0.035110
683,25,0.007377
683,30,0.052031
683,34,0.194195
683,36,0.014320
684,6,0.038991
684,7,0.434159
684,8,0.030759
684,9,0.017645
684,11,0.069098
684,13,0.872834
684,14,0.026627
684,18,0.052930
684,19,0.152399
684,20,0.683302
684,24,0.040184
684,25,0.549277
684,26,0.877831
684,27,0.021589
684,28,0.551051
684,29,0.154809
684,30,0.088441
684,33,0.150021
684,35,0.632754
685,13,0.012802
686,2,0.363271
686,28,0.091967
686,29,0.049014
686,30,0.185601
686,32,0.126497
686,33,0.107838
686,35,0.044044
686,37,0.097445
686,38,0.061887
690,38,0.017029
691,3,0.090096
691,4,0.055740
691,5,0.037157
691,6,0.668383
691,7,0.145863
691,8,0.223614
691,9,0.118028
691,10,0.016574
691,11,0.135949
691,12,0.068199
691,13,0.426050
691,14,1.047989
691,15,0.856513
691,16,0.523039
691,17,1.757107
691,18,0.497214
691,20,0.217092
691,21,0.894296
691,22,0.427008
691,23,0.855740
691,25,0.871339
691,27,0.432383
691,28,0.691406
691,29,0.079210
691,30,0.846380
691,31,0.056246
691,32,1.367766
691,33,1.125998
691,35,0.776002
691,36,0.718933
691,37,0.489158
691,38,0.719740
693,2,0.533411
693,6,0.107029
693,11,0.106072
693,12,0.205072
693,13,0.027432
693,14,0.108404
693,16,0.187025
693,17,0.031891
693,18,0.336710
693,19,0.016727
693,20,0.054382
693,26,0.052317
693,27,0.031096
693,28,0.018385
693,31,0.060834
693,34,0.049244
693,36,0.084306
694,3,0.076495
694,5,0.022767
694,8,0.426413
694,10,0.263586
694,11,0.032541
694,16,0.073128
694,18,0.008943
694,24,0.590946
694,25,0.015579
694,26,0.140041
694,32,0.448519
694,35,0.325989
694,36,0.012418
694,37,0.025792
694,38,0.102145
695,8,0.056407
695,30,0.040989
696,4,0.109221
696,5,0.086516
696,20,0.036052
697,4,0.044630
697,6,0.073422
697,12,0.357888
697,13,0.604617
697,17,0.007885
697,18,0.016471
697,20,0.018640
697,23,1.077674
697,24,0.478231
697,25,0.036841
697,26,0.463333
697,29,0.023285
697,30,0.021579
697,33,0.075240
698,4,0.157636
698,5,0.239942
698,6,0.045553
698,7,0.628658
698,9,0.455011
698,14,0.143143
698,15,0.131456
698,16,0.643441
698,18,0.135237
698,20,0.104033
698,22,0.105052
698,25,1.139425
698,26,0.464633
698,31,0.019971
698,32,0.072352
698,33,0.906726
698,35,0.420452
699,5,0.021277
699,17,0.012584
699,19,0.068650
699,24,0.090229
699,28,0.279416
699,29,0.133739
699,36,0.042569
700,2,0.085998
700,3,0.056458
700,30,0.358542
700,35,0.116622
706,20,0.009415
706,21,0.320952
706,22,0.153129
706,23,0.418743
706,25,0.124094
706,26,0.007412
706,28,0.023745
706,30,0.011342
706,31,0.053387
706,32,0.014279
706,33,1.114040
706,35,0.022962
706,36,0.018354
706,37,0.036352
706,38,0.037583
707,18,0.073455
707,20,0.053736
708,6,0.064785
708,8,0.015869
708,9,0.099645
708,10,0.130597
708,13,0.013101
708,14,0.049176
708,16,0.297722
708,17,0.031928
708,21,0.014062
708,23,0.044330
708,24,0.119012
708,25,0.012386
708,27,0.048721
708,28,0.009005
708,29,0.020255
708,31,0.017690
708,34,0.033524
708,36,0.563962
708,37,0.087571
708,38,0.008286
712,3,0.019955
712,4,0.687581
712,5,0.093469
712,6,0.475712
712,7,0.031820
712,8,0.010315
712,10,0.072803
712,11,0.169213
712,12,0.136906
712,13,0.345776
712,15,0.141110
712,16,0.479221
712,17,0.075007
712,18,0.066989
712,19,0.153807
712,21,0.239045
712,22,0.138322
712,23,0.019589
712,27,0.323874
712,30,0.021173
712,32,0.093050
712,34,0.017945
712,36,0.060736
712,38,0.163447
713,5,0.046137
713,11,0.012995
713,14,0.059438
713,15,0.051453
713,17,0.027848
713,18,0.079858
713,19,0.074247
713,20,0.014294
713,22,0.042836
713,23,0.401492
713,24,0.122579
713,28,0.065092
713,29,0.036059
713,31,0.015885
713,35,0.067181
714,4,0.151102
714,6,0.312899
714,7,1.820099
714,8,0.706479
714,9,0.651658
714,12,0.737064
714,13,0.452421
714,14,0.162000
714,15,0.109779
714,16,0.019516
714,17,1.605960
714,21,0.106098
714,22,0.152748
714,25,0.081868
714,31,0.121221
714,37,0.436092
716,10,0.640039
716,12,0.404858
716,13,0.055530
716,18,0.040093
717,4,0.021511
717,5,0.145495
717,11,0.042727
717,12,0.020324
717,13,0.085147
717,14,0.059111
717,15,0.212149
717,21,0.072621
717,22,0.102024
717,23,0.232718
717,24,0.216192
717,25,0.081748
717,26,0.116701
717,27,0.042956
717,29,0.069484
717,30,0.067090
717,33,0.721319
717,34,0.198196
718,14,0.476546
718,16,0.010458
718,20,0.009915
718,27,0.074785
719,21,0.014975
719,32,0.129152
720,5,0.194477
720,8,0.114476
720,10,0.067393
720,12,0.007008
720,14,0.042707
720,16,0.048632
720,17,0.084425
720,18,0.535823
720,19,0.086288
720,20,0.362288
720,21,0.140763
720,22,0.062986
720,23,0.056831
720,24,0.927790
720,25,0.619416
720,26,0.130673
720,27,1.254104
720,30,0.772161
720,35,0.598991
720,36,0.237015
720,37,0.016106
720,38,0.495387
721,14,0.329964
722,8,0.012662
722,9,0.041527
722,10,0.540096
722,11,0.193217
722,18,0.053266
722,22,0.017316
722,24,0.008747
722,32,0.020919
722,36,0.018853
722,37,0.033762
722,38,0.018025
723,11,0.066804
723,27,0.568360
723,29,0.083108
723,32,0.383820
723,33,0.016707
723,36,0.326678
724,6,0.443715
724,9,0.024935
724,10,0.029466
724,21,0.032314
724,27,0.068878
724,30,0.035125
724,36,0.123794
724,37,0.014651
725,26,0.354006
725,27,0.012731
725,38,0.014182
726,8,0.057313
726,13,0.674962
726,15,0.247343
726,17,0.540330
726,20,0.182533
726,27,0.073259
726,28,0.120761
726,31,0.174676
726,33,0.049085
726,34,0.032335
726,35,0.326046
726,38,0.014353
727,6,0.059689
727,10,0.631055
727,13,0.109247
727,14,0.165856
727,15,0.041253
727,23,0.182748
727,24,0.032971
727,25,0.086494
727,26,0.018856
727,28,0.055076
727,29,0.049594
727,31,0.554930
727,32,0.101285
727,34,0.045711
727,35,0.019225
728,4,0.017289
728,8,0.033754
728,9,0.068418
728,17,0.028440
728,19,0.079742
728,20,0.052172
728,22,0.071616
728,35,0.073657
728,37,0.090644
730,11,0.451816
730,13,0.093156
730,17,0.230449
730,18,0.419406
730,19,0.260378
730,20,0.152128
730,21,0.126017
730,22,0.160190
730,23,0.294145
730,24,0.123346
730,25,0.323824
730,26,0.106362
730,30,0.054085
730,31,1.253080
730,32,0.610540
730,33,0.063702
730,35,0.086364
730,36,0.220677
730,37,0.363431
730,38,1.172161
731,4,0.019209
731,7,0.039225
731,11,0.025604
731,12,0.353921
731,13,0.090918
731,15,0.045650
731,17,0.139637
731,18,0.100936
731,19,0.013483
731,20,0.072465
731,21,0.066505
731,23,0.074939
731,24,0.019827
731,26,0.012739
731,27,0.060222
731,36,0.024916
731,37,0.031350
731,38,0.039927
732,4,0.055490
732,15,0.271917
732,18,0.028582
732,20,0.268989
732,24,0.018306
732,29,0.076564
734,5,0.087958
734,6,0.050496
734,19,0.052417
734,20,0.361926
734,27,0.048005
734,28,0.029472
734,36,0.075402
735,6,0.076017
735,7,0.117888
735,9,0.106603
735,10,0.138495
735,12,0.042296
735,13,0.095485
747,19,0.101447
748,37,0.067107
749,13,0.017142
749,18,0.072450
749,19,0.022249
749,20,0.082678
749,21,0.311441
749,22,0.087465
749,23,0.090553
749,24,0.132202
749,25,0.139228
749,26,0.137503
749,28,0.112472
749,30,0.017779
749,33,0.072451
749,34,0.101320
749,35,0.055278
749,36,0.067754
749,37,0.091675
749,38,0.209201
754,22,0.017898
755,17,0.014578
755,21,0.040165
755,38,0.021234
758,14,0.060483
758,31,0.034669
783,20,0.038615
783,21,0.123756
783,22,0.054193
783,23,0.022402
783,24,0.222800
783,26,0.068194
783,27,0.078399
783,28,0.018259
783,30,0.054119
783,33,0.085146
783,35,0.069397
783,36,0.136681
783,37,0.037236
783,38,0.147490
785,21,0.057166
785,22,0.194508
785,23,0.278858
785,31,0.122928
785,32,0.078488
785,33,0.037304
785,35,0.118825
785,38,0.425975
791,21,0.919338
791,22,0.530863
791,23,0.422230
791,24,0.345030
791,25,0.354000
791,27,0.121231
791,28,0.428834
791,29,0.063161
791,31,0.048587
791,32,0.389245
791,33,0.212327
791,34,0.353982
791,35,0.388501
791,36,0.428799
791,37,0.574977
791,38,0.991499
792,29,0.048737
794,21,0.305979
794,22,0.046089
796,22,0.098003
796,23,0.486311
796,24,0.035800
796,25,0.280642
796,33,0.076701
796,35,0.011356
796,36,0.087921
796,37,0.234019
796,38,0.085413
801,24,0.091937
801,38,0.075308
804,30,0.010658
805,25,0.511729
805,26,0.529715
805,36,0.052021
807,25,0.119953
807,26,0.591043
807,27,0.238874
807,28,0.056301
807,30,0.014892
807,31,0.134213
807,33,0.389033
807,35,0.668426
807,36,0.052995
807,37,0.162172
807,38,0.035410
808,24,0.447491
808,27,0.120795
808,28,0.085422
808,29,0.296828
808,31,0.009666
808,33,0.539642
808,34,0.391172
813,26,0.214156
813,27,0.301036
813,38,0.320784
815,25,0.012371
815,27,0.617030
815,31,0.368250
816,26,0.050881
816,30,0.028242
816,32,0.079603
816,36,0.019806
817,26,0.017287
817,27,0.012228
817,30,0.640288
817,32,0.151105
817,33,0.187233
817,34,0.397595
817,35,0.174317
817,37,0.309989
817,38,0.702664
829,35,0.092446
