season,element,club,minutes,exposure,tercile,act90,rec90_fpl,rec90_ust
2023-24,5,1,3042.0,0.053254438,0,0.774556213,0.770466798,0.798346906
2023-24,10,1,941.0,0.426142402,2,0.492561105,0.507226355,0.513778956
2023-24,20,1,3420.0,0.000000000,0,0.745263158,0.750526316,0.777110605
2023-24,25,1,1101.0,0.427792916,2,1.146866485,0.945460945,0.989845879
2023-24,27,17,2568.0,0.158878505,1,1.876401869,1.896939252,1.946128043
2023-24,28,16,1530.0,0.000000000,0,1.495882353,1.512352941,1.478759412
2023-24,29,1,2986.0,0.186202277,1,0.752009377,0.758847957,0.766330125
2023-24,31,1,1688.0,0.466824645,2,0.657405213,0.696356635,0.769405153
2023-24,32,2,1022.0,0.559686888,2,1.629158513,1.622641879,1.705997942
2023-24,36,2,2138.0,0.284377923,2,1.548269411,1.583091674,1.606671646
2023-24,41,2,1797.0,0.098497496,1,1.661268781,1.630233723,1.702729842
2023-24,42,2,2332.0,0.266723842,2,1.607418525,1.651590909,1.639234888
2023-24,48,2,3069.0,0.120234604,1,1.533137830,1.580260671,1.593799578
2023-24,49,2,3015.0,0.014925373,0,1.488656716,1.522238806,1.542652709
2023-24,70,3,1553.0,0.362524147,2,1.451126851,1.371778815,1.376733538
2023-24,77,3,2880.0,0.031250000,0,1.551875000,1.510234375,1.554719852
2023-24,83,3,2239.0,0.276462707,2,1.641223761,1.593112997,1.664676163
2023-24,84,3,2148.0,0.413407821,2,1.383519553,1.358215782,1.404410317
2023-24,89,3,3330.0,0.000000000,0,1.577837838,1.564189189,1.612654824
2023-24,90,4,1816.0,0.355726872,2,1.457544053,1.537901982,1.538120470
2023-24,96,4,2640.0,0.079545455,1,1.418522727,1.415776515,1.414682179
2023-24,101,4,3285.0,0.013698630,0,1.479726027,1.485342466,1.492980329
2023-24,109,4,1272.0,0.221698113,1,1.754716981,1.685786164,1.667215032
2023-24,112,4,2520.0,0.000000000,0,1.397857143,1.417857143,1.403643857
2023-24,113,1,2880.0,0.000000000,0,0.703437500,0.716250000,0.739977281
2023-24,114,4,1961.0,0.632840388,2,1.730698623,1.662488526,1.637708688
2023-24,121,4,1085.0,0.170506912,1,1.635760369,1.675944700,1.730941143
2023-24,129,5,2869.0,0.121645173,1,1.560962008,1.540206518,1.556718151
2023-24,131,5,1242.0,0.275362319,2,1.920289855,1.807181965,1.849301345
2023-24,139,5,908.0,0.801762115,2,1.422356828,1.607439427,1.691058864
2023-24,145,7,1433.0,0.057920447,0,1.489741800,1.533642708,1.509050635
2023-24,148,5,1530.0,0.000000000,0,1.462352941,1.480588235,1.447567176
2023-24,150,5,2367.0,0.011406844,0,1.415209125,1.451482890,1.444039414
2023-24,151,5,1579.0,0.259024699,2,1.460861305,1.426974351,1.362308900
2023-24,152,5,1890.0,0.000000000,0,1.504761905,1.537857143,1.533746262
2023-24,153,5,1142.0,0.133099825,1,1.431173380,1.467521891,1.391350849
2023-24,157,6,1055.0,0.061611374,0,1.759905213,1.787203791,1.799351000
2023-24,160,6,1234.0,0.270664506,2,1.522123177,1.606231767,1.701281092
2023-24,172,6,900.0,0.000000000,0,2.043000000,1.932500000,1.971426650
2023-24,173,6,2892.0,0.097510373,1,1.951244813,1.890926694,1.926102892
2023-24,178,6,2329.0,0.149849721,1,1.691799055,1.618531559,1.624253278
2023-24,182,6,2311.0,0.299004760,2,1.776633492,1.736209433,1.802629882
2023-24,191,7,1337.0,0.124906507,1,1.711144353,1.572081152,1.568547887
2023-24,194,7,934.0,0.132762313,1,1.470449679,1.508163812,1.501249980
2023-24,197,7,1794.0,0.247491639,2,1.426254181,1.460395764,1.452198403
2023-24,198,7,1783.0,0.141895681,1,1.573864274,1.633123948,1.624893006
2023-24,203,7,1745.0,0.535816619,2,1.347163324,1.459386819,1.501860774
2023-24,217,7,2525.0,0.144554455,1,1.522693069,1.555204950,1.551410259
2023-24,220,8,3416.0,0.025175644,0,1.415076112,1.428038642,1.433920579
2023-24,222,8,1334.0,0.257871064,2,1.460644678,1.490217391,1.451441048
2023-24,228,8,2008.0,0.103585657,1,1.412300797,1.433202191,1.430880590
2023-24,230,8,1796.0,0.047884187,0,1.361525612,1.396848552,1.435565645
2023-24,234,8,3204.0,0.101123596,1,1.428089888,1.426201623,1.434750484
2023-24,238,8,2091.0,0.010043042,0,1.427259684,1.426159732,1.415368181
2023-24,242,8,1978.0,0.135490394,1,1.408695652,1.410298281,1.450488724
2023-24,245,9,3116.0,0.017971759,0,1.427695764,1.430285623,1.435462005
2023-24,252,9,1119.0,0.276139410,2,1.506434316,1.423771224,1.464117067
2023-24,260,9,2469.0,0.125151883,1,1.456986634,1.483481166,1.483368758
2023-24,262,9,984.0,0.268292683,2,1.884146341,1.698241870,1.682587752
2023-24,263,9,3420.0,0.000000000,0,1.473947368,1.485394737,1.487575408
2023-24,265,9,3420.0,0.000000000,0,1.464210526,1.485394737,1.487575408
2023-24,271,10,1423.0,0.114546732,1,2.099789178,1.883731553,1.854536867
2023-24,275,10,3420.0,0.000000000,0,1.687894737,1.646184211,1.595750579
2023-24,281,10,1503.0,0.101796407,1,2.037724551,1.635828343,1.513706980
2023-24,283,10,3266.0,0.118187385,1,1.706582976,1.665639927,1.615116401
2023-24,286,10,1616.0,0.053217822,0,1.569987624,1.559814356,1.557563990
2023-24,290,11,2153.0,0.414770088,2,1.168787738,1.213464933,1.192661350
2023-24,291,11,2520.0,0.000000000,0,1.257500000,1.254642857,1.201898946
2023-24,298,11,1772.0,0.441309255,2,1.375395034,1.252547968,1.120600029
2023-24,301,11,900.0,0.000000000,0,1.033000000,1.020000000,0.947937500
2023-24,302,11,1570.0,0.254777070,2,1.227898089,1.107675159,1.084217513
2023-24,307,11,1659.0,0.294755877,2,1.238517179,1.259183243,1.217880969
2023-24,313,11,3177.0,0.008498584,0,1.295184136,1.208413598,1.162250340
2023-24,316,12,1720.0,0.110465116,1,2.023953488,2.022180233,2.208421491
2023-24,318,12,1659.0,0.349005425,2,1.981735986,1.975099458,2.119498251
2023-24,321,12,2923.0,0.476565173,2,2.081423195,2.087020185,2.217302334
2023-24,330,12,1846.0,0.073672806,1,2.194907909,2.185861322,2.315653593
2023-24,341,13,2511.0,0.068100358,0,0.921863799,0.980434090,0.998107810
2023-24,342,13,2016.0,0.196428571,1,0.943750000,0.915295139,0.875181154
2023-24,350,13,2542.0,0.008654603,0,0.889378442,0.950566483,0.939737811
2023-24,352,13,2785.0,0.095152603,1,0.886427289,0.954622980,0.930078379
2023-24,368,13,1060.0,0.320754717,2,1.041792453,1.097051887,1.035772526
2023-24,369,13,2766.0,0.121475054,1,0.930911063,0.988834056,0.960871002
2023-24,377,14,3174.0,0.007561437,0,1.836294896,1.859007561,1.841062484
2023-24,385,8,1620.0,0.000000000,0,1.470555556,1.462222222,1.430333000
2023-24,386,14,1328.0,0.457831325,2,1.761370482,1.825560994,1.704605727
2023-24,387,14,1647.0,0.071038251,1,2.004371585,1.978904068,2.036402583
2023-24,393,12,2467.0,0.160924199,1,2.040048642,2.190553304,2.321618999
2023-24,395,14,1369.0,0.211102995,1,1.794083272,1.816610665,1.724317587
2023-24,398,14,960.0,0.343750000,2,1.890937500,1.985203125,1.946055175
2023-24,401,14,1778.0,0.240719910,2,1.952362205,1.912007874,1.932393253
2023-24,405,15,1375.0,0.214545455,1,2.067054545,2.118727273,1.811916821
2023-24,407,15,2725.0,0.207339450,1,1.526532110,1.582950459,1.425425656
2023-24,409,15,1984.0,0.002016129,0,2.011391129,2.083256048,1.901682681
2023-24,417,15,908.0,0.207048458,1,1.282599119,1.260759912,1.344694824
2023-24,419,15,1061.0,0.236569274,1,1.533647502,1.582224317,1.493933403
2023-24,424,15,1345.0,0.063197026,0,1.065278810,1.100223048,1.016025472
2023-24,427,15,3055.0,0.027823241,0,1.727528642,1.766978723,1.600392823
2023-24,430,15,2235.0,0.154362416,1,1.621208054,1.667968680,1.490063688
2023-24,439,16,1437.0,0.311064718,2,1.647181628,1.482894920,1.418874726
2023-24,457,16,1455.0,0.195876289,1,1.707216495,1.625690722,1.594734045
2023-24,465,16,1452.0,0.256198347,2,1.477066116,1.438904959,1.371024499
2023-24,467,16,1625.0,0.224615385,1,1.276615385,1.245144615,1.180084013
2023-24,471,17,2649.0,0.048697622,0,2.076896942,2.030158550,2.156733727
2023-24,473,17,968.0,0.163223140,1,2.055681818,2.037820248,2.075399636
2023-24,476,17,2787.0,0.257265877,2,1.868137783,1.957328669,2.019333016
2023-24,482,17,2648.0,0.048338369,0,2.108270393,2.106642749,2.193226589
2023-24,495,18,1068.0,0.157303371,1,1.890168539,1.933061798,1.879098136
2023-24,497,18,1152.0,0.375000000,2,2.242968750,2.114487847,2.035926283
2023-24,506,18,3090.0,0.067961165,0,1.701553398,1.742203883,1.695752543
2023-24,508,4,1507.0,0.581950896,2,1.817916390,1.562670869,1.571329220
2023-24,511,18,2777.0,0.027727764,0,1.703096867,1.544015124,1.510485309
2023-24,519,18,2391.0,0.209535759,1,1.833124216,1.755763279,1.700151414
2023-24,520,18,3420.0,0.000000000,0,1.673157895,1.749868421,1.696290395
2023-24,522,19,1857.0,0.079159935,1,1.879967690,1.866752827,1.860550916
2023-24,524,19,2700.0,0.033333333,0,1.824000000,1.896000000,1.887465750
2023-24,528,19,3135.0,0.110047847,1,1.895311005,1.883132376,1.900149770
2023-24,532,19,3138.0,0.139579350,1,1.952581262,1.936580625,1.941658221
2023-24,544,19,2838.0,0.048625793,0,1.896405920,1.858710359,1.864491994
2023-24,545,20,2327.0,0.651912333,2,1.770992694,1.819156639,1.931748025
2023-24,551,20,2209.0,0.062924400,0,1.567360797,1.559207786,1.663770575
2023-24,563,20,3420.0,0.000000000,0,1.767631579,1.798026316,1.877520855
2023-24,569,20,3037.0,0.022061245,0,1.759697069,1.787813632,1.878262605
2023-24,572,20,3084.0,0.241245136,2,2.016245136,1.763798638,1.838107987
2023-24,573,20,2771.0,0.220498015,1,1.736340671,1.761064598,1.806930760
2023-24,575,12,1169.0,0.307100086,2,2.127972626,2.216445680,2.480691805
2023-24,576,17,2883.0,0.125910510,1,1.951092612,1.970780437,2.048707961
2023-24,584,2,2462.0,0.086108855,1,1.462225833,1.500999188,1.475259783
2023-24,588,9,2259.0,0.482071713,2,1.503187251,1.471434263,1.474748569
2023-24,595,3,1966.0,0.542217701,2,1.686927772,1.668822482,1.777677332
2023-24,596,6,2520.0,0.000000000,0,1.763214286,1.759107143,1.785506429
2023-24,597,14,3420.0,0.000000000,0,1.832631579,1.856184211,1.835794632
2023-24,598,20,1128.0,0.680851064,2,1.847872340,1.745312500,1.753514853
2023-24,602,12,1727.0,0.374638101,2,1.982397221,2.162180081,2.300447836
2023-24,604,16,1690.0,0.520710059,2,1.544911243,1.588479290,1.574588199
2023-24,606,5,1600.0,0.381250000,2,1.370250000,1.362950000,1.305597151
2023-24,610,10,2285.0,0.054704595,0,1.608183807,1.556984683,1.509752437
2023-24,611,7,2579.0,0.057774331,0,1.534082978,1.550736720,1.598936106
2023-24,614,12,3405.0,0.022026432,0,2.092070485,2.141321586,2.287771410
2023-24,616,13,2327.0,0.110442630,1,0.923592609,0.953760206,0.951326072
2023-24,626,11,1188.0,0.318181818,2,1.081818182,1.139734848,1.026056653
2023-24,633,15,1289.0,0.511249030,2,1.998991466,2.081334368,1.955682790
2023-24,639,18,2341.0,0.077317386,1,1.443998291,1.599252456,1.577849667
2023-24,643,3,1220.0,0.336065574,2,1.973360656,1.941375000,1.973810573
2023-24,676,19,1500.0,0.100000000,1,1.761600000,1.854126667,1.863559851
2023-24,687,7,1986.0,0.003021148,0,1.582930514,1.573323263,1.612462440
2023-24,688,10,2629.0,0.144161278,1,1.405971852,1.446089768,1.406163066
2023-24,693,17,916.0,0.312227074,2,2.132096070,2.173438865,2.356836821
2023-24,696,16,2790.0,0.096774194,1,1.386774194,1.402218638,1.360919610
2023-24,699,2,1153.0,0.141370338,1,1.830442324,1.832263660,1.881001924
2023-24,703,14,1388.0,0.481268012,2,1.794812680,1.738238473,1.672029387
2023-24,792,8,1440.0,0.000000000,0,1.231875000,1.290000000,1.342269000
2023-24,805,6,1235.0,0.271255061,2,2.450040486,1.960834008,1.953373229
2023-24,806,6,1310.0,0.175572519,1,1.896183206,1.887603053,1.884276477
2023-24,808,16,1440.0,0.000000000,0,1.281250000,1.308437500,1.233790281
